﻿<?xml version="1.0" encoding="utf-8"?>
<commerceinfo version="2.04" ctime="2023-11-08">
  <invoice>
    <date>17-10-2023</date>
    <no>BN-3791606</no>
    <time>18-41-25</time>
    <shipping_date>18-11-2023</shipping_date>
    <shipping_metod>2</shipping_metod>
    <priority_star>green_star</priority_star>
    <customer>
      <id>KURSI</id>
      <name>KURSI KURSI</name>
      <address_depiction>0000000000005</address_depiction>
      <email>kursi email</email>
    </customer>
    <items>
      <item>
        <sku>S-BOX 106</sku>
        <ean>591000000000000</ean>
        <quantity>30</quantity>
      </item>
      <item>
        <sku>A.0064</sku>
        <ean>590000000000000</ean>
        <quantity>30</quantity>
      </item>
    </items>
  </invoice>
</commerceinfo>