﻿<?xml version="1.0" encoding="utf-8"?>
<commerceinfo version="2.04" ctime="2023-11-15">
  <invoice>
    <date>15-11-2023</date>
    <no>BN-3810938 Mežmalas iela 2</no>
    <time>16-21-47</time>
    <shipping_date>20-11-2023</shipping_date>
    <shipping_metod>2</shipping_metod>
    <priority_star>green_star</priority_star>
    <projectID>0045</projectID>
    <customer>
      <id>40003494995</id>
      <name>KURŠI SIA</name>
      <address_depiction>0000000000005</address_depiction>
      <email>rekini@kurshi.lv</email>
    </customer>
    <items>
      <item>
        <sku>blabla</sku>
        <ean>3414970000000</ean>
        <quantity>7</quantity>
      </item>
      <item>
        <sku>753220</sku>
        <ean>3414970000000</ean>
        <quantity>9</quantity>
      </item>
      <item>
        <sku>blabla</sku>
        <ean>4751030000000</ean>
        <quantity>1</quantity>
      </item>
      <item>
        <sku>SB6L1PB16</sku>
        <ean>4751030000000</ean>
        <quantity>12</quantity>
      </item>
      <item>
        <sku>PL8A2MB1630</sku>
        <ean>4751030000000</ean>
        <quantity>6</quantity>
      </item>
      <item>
        <sku>A.0064</sku>
        <ean>5901350000000</ean>
        <quantity>30</quantity>
      </item>
      <item>
        <sku>S-BOX 036BO</sku>
        <ean>5901350000000</ean>
        <quantity>30</quantity>
      </item>
    </items>
  </invoice>
</commerceinfo>