﻿<?xml version="1.0" encoding="utf-8"?>
<commerceinfo version="2.04" ctime="2023-11-15">
  <invoice>
    <date>15-11-2023</date>
    <no>BN-3810937 Kurzemes prospekts 3/korp.1</no>
    <time>16-21-47</time>
    <shipping_date>20-11-2023</shipping_date>
    <shipping_metod>2</shipping_metod>
    <priority_star>green_star</priority_star>
    <projectID>0045</projectID>
    <customer>
      <id>40003494995</id>
      <name>KURŠI SIA</name>
      <address_depiction>0000000000005</address_depiction>
      <email>rekini@kurshi.lv</email>
    </customer>
    <items>
      <item>
        <sku>null</sku>
        <ean>3410000000000</ean>
        <quantity>2</quantity>
      </item>
      <item>
        <sku>SB6L1PC10</sku>
        <ean>4750000000000</ean>
        <quantity>12</quantity>
      </item>
      <item>
        <sku>SB6L1PC16</sku>
        <ean>4750000000000</ean>
        <quantity>12</quantity>
      </item>
      <item>
        <sku>A.0064</sku>
        <ean>5900000000000</ean>
        <quantity>20</quantity>
      </item>
      <item>
        <sku>S-BOX 036BO</sku>
        <ean>5900000000000</ean>
        <quantity>20</quantity>
      </item>
      <item>
        <sku>A.0046LP.</sku>
        <ean>5900000000000</ean>
        <quantity>77</quantity>
      </item>
    </items>
  </invoice>
</commerceinfo>