﻿<?xml version="1.0" encoding="utf-8"?>
<commerceinfo version="2.04" ctime="2023-11-15">
  <invoice>
    <date>15-11-2023</date>
    <no>BN-3810939 Venstpils šoseja 70</no>
    <time>16-21-47</time>
    <shipping_date>20-11-2023</shipping_date>
    <shipping_metod>2</shipping_metod>
    <priority_star>green_star</priority_star>
    <projectID>0045</projectID>
    <customer>
      <id>40003494995</id>
      <name>KURŠI SIA</name>
      <address_depiction>0000000000005</address_depiction>
      <email>rekini@kurshi.lv</email>
    </customer>
    <items>
      <item>
        <sku>753220</sku>
        <ean>3414970509710</ean>
        <quantity>2</quantity>
      </item>
      <item>
        <sku>null</sku>
        <ean>4751033951017</ean>
        <quantity>1</quantity>
      </item>
      <item>
        <sku>SB6L1PC20</sku>
        <ean>4751033953790</ean>
        <quantity>12</quantity>
      </item>
      <item>
        <sku>085133-9-4</sku>
        <ean>4751033951680</ean>
        <quantity>20</quantity>
      </item>
      <item>
        <sku>C.2030</sku>
        <ean>5907484331314</ean>
        <quantity>12</quantity>
      </item>
      <item>
        <sku>C.2027</sku>
        <ean>5907484331352</ean>
        <quantity>12</quantity>
      </item>
      <item>
        <sku>C.2069</sku>
        <ean>5901350807132</ean>
        <quantity>6</quantity>
      </item>
      <item>
        <sku>ENC12FTR</sku>
        <ean>4752255016171</ean>
        <quantity>2</quantity>
      </item>
      <item>
        <sku>SE230VAC</sku>
        <ean>4751033955053</ean>
        <quantity>5</quantity>
      </item>
      <item>
        <sku>A.0064</sku>
        <ean>5901350818336</ean>
        <quantity>30</quantity>
      </item>
      <item>
        <sku>S-BOX 036BO</sku>
        <ean>5901350809600</ean>
        <quantity>30</quantity>
      </item>
      <item>
        <sku>A.0063</sku>
        <ean>5907484330393</ean>
        <quantity>14</quantity>
      </item>
      <item>
        <sku>A.0046LP.</sku>
        <ean>5902983347224</ean>
        <quantity>68</quantity>
      </item>
      <item>
        <sku>null</sku>
        <ean>4752255014368</ean>
        <quantity>20</quantity>
      </item>
    </items>
  </invoice>
</commerceinfo>