﻿<?xml version="1.0" encoding="utf-8"?>
<commerceinfo version="2.04" ctime="2023-11-15">
  <invoice>
    <date>15-11-2023</date>
    <no>BN-3811282 Rūpniecības iela 12A</no>
    <time>16-21-47</time>
    <shipping_date>20-11-2023</shipping_date>
    <shipping_metod>2</shipping_metod>
    <priority_star>green_star</priority_star>
    <projectID>0045</projectID>
    <customer>
      <id>40003494995</id>
      <name>KURŠI SIA</name>
      <address_depiction>0000000000005</address_depiction>
      <email>rekini@kurshi.lv</email>
    </customer>
    <items>
      <item>
        <sku>C.2067</sku>
        <ean>5905793088011</ean>
        <quantity>9</quantity>
      </item>
      <item>
        <sku>PL8A2MB1630</sku>
        <ean>4751033954711</ean>
        <quantity>6</quantity>
      </item>
      <item>
        <sku>S-BOX 036BO</sku>
        <ean>5901350809600</ean>
        <quantity>20</quantity>
      </item>
    </items>
  </invoice>
</commerceinfo>