[
    {
        "id": "0000000000001",
        "address": "Depo iela 1, Dreiliņi, Stopiņu pag., Ropažu nov.,LV-2130, Latvija"
    },
    {
      "id": "0000000000002",
      "address": "Kļavu iela 1, Jēkabpils, LV-5201, Latvija"
    },
    {
        "id": "0000000000004",
        "address": "Zemnieku iela 22, Liepāja, LV-3401, Latvija"
    },
    {
        "id": "0000000000005",
        "address": "Stacijas iela 129k, Daugavpils, Latvija, LV-5401, Latvija,"
    },
    {
        "id": "0000000000006",
        "address": "“Rīgas-Siguldas šoseja 6, Berģi,Garkalnes pag., Ropažu nov., LV-1024, Latvija"
    },
    {
        "id": "0000000000007",
        "address": "Krasta iela 36, Rīga, Latvija, LV-1003, Latvija"
    },
    {
        "id": "0000000000009",
        "address": "Matīšu šoseja 6, Valmiera, LV-4201, Latvija"
    },
    {
        "id": "0000000000013",
        "address": "Kurzemes pr.3B, Rīga, LV-1067, Latvija"
    },
    {
        "id": "0000000000001",
        "address": "Veskiposti tn 1, Tallinn, Harju maakond 10138, Eesti"
    },
    {
        "id": "0000000000002",
        "address": "Maksimiškių g.5, Vilnius, LT-02300"
    },
    {
        "id": "0000000000005",
        "address": "Šilutes pl. 28, Klaipėda, LT-91177"
    },
    {
        "id": "0000000000004",
        "address": "Klaipėdos g. 145, Panevėžys, LT-37373"
    },
    {
        "id": "0000000000008",
        "address": "Karaliaučiaus g. 19,Šiauliai,LT-78348"
    },
    {
        "id": "0000000000003",
        "address": "Ukmergės g. 373, Vilnius , LT-12107"
    },
    {
        "id": "0000000000006",
        "address": "Vakarinis aplinkkelis 8, Kaunas, LT-48182"
    }
]