<commerceinfo version="2.04" ctime="2023-10-25">
    <invoice>
		<no>4501111663</no> <!-- Invoice number -->
		<date>25-10-2023</date> <!-- Invoice date -->
		<time>14-06-16</time> <!-- Time of creating xml file -->
		<shipping_date>31-10-2023</shipping_date>     <!-- Shipping date -->
		<shipping_metod>2</shipping_metod> <!-- constant -->
		<priority_star>green_star</priority_star> <!-- constant -->
		<customer>
			<id>40003197626</id> <!-- constant-->
			<name>Onninen Latvia</name> <!-- constant -->
			<fullname>Santa Saudena</fullname>  <!-- constant -->       
			<lastname>Saudena</lastname><!-- constant -->
			<firstname>Santa</firstname><!-- constant -->
			<address_depiction>0000000000004</address_depiction> <!-- Constant that will be taken from the file by ID -->
			<email>santa.saudena@onninen.com</email> <!-- constant -->
		</customer>
		<items>
			<item>
					<sku>E.4105P</sku>  <!-- Article of the item -->
					<ean>54564565485154351</ean> <!-- Barcode -->
					<quantity>60</quantity> <!-- Quantity -->
			</item>
			<!-- Other items -->
		</items>
    </invoice>
</commerceinfo>
    