﻿<?xml version="1.0" encoding="utf-8"?>
<commerceinfo version="2.04" ctime="2024-03-14">
  <invoice>
    <no>P4393732-1</no>
    <date>13-03-2024</date>
    <time>08-35-57</time>
    <shipping_date>09-04-2024</shipping_date>
    <shipping_metod>2</shipping_metod>
    <priority_star>green_star</priority_star>
    <projectID>0045</projectID>
    <customer>
      <id>50003719281</id>
      <name>DEPO DIY SIA</name>
      <email>el_orders@depo.lv</email>
      <address_depiction>0000000000005</address_depiction>
    </customer>
    <items>
      <item>
        <sku>TM-EM-05-KK-001-00020</sku>
        <ean>2770060059123</ean>
        <quantity>100</quantity>
        <unit>m.</unit>
      </item>
      <item>
        <sku>TM-EM-05-KK-001-00020</sku>
        <ean>2770060059154</ean>
        <quantity>100</quantity>
        <unit>m.</unit>
      </item>
      <item>
        <sku>TM-EM-05-KK-001-00020</sku>
        <ean>2770060059178</ean>
        <quantity>80</quantity>
        <unit>m.</unit>
      </item>
      <item>
        <sku>TM-EM-05-KK-001-00020</sku>
        <ean>2770060059239</ean>
        <quantity>32</quantity>
        <unit>m.</unit>
      </item>
    </items>
  </invoice>
</commerceinfo>