﻿<?xml version="1.0" encoding="utf-8"?>
<commerceinfo version="2.04" ctime="2024-05-13">
  <invoice>
    <docType>incomingInvoice</docType>
    <no>FSE-50/05/24 TEST</no>
    <date>10-05-2024</date>
    <time>13-39-43</time>
    <discount>null</discount>
    <customer>
      <id>5512384957</id>
      <name>Pawbol S.A.</name>
    </customer>
    <items>
      <item>
        <sku>6160-15/750</sku>
        <quantity>1435</quantity>
        <unit>mb</unit>
        <price>0.1390</price>
      </item>
      <item>
        <sku>6160-15</sku>
        <quantity>2880</quantity>
        <unit>mb</unit>
        <price>0.1150</price>
      </item>
      <item>
        <sku>6160-15</sku>
        <quantity>840</quantity>
        <unit>mb</unit>
        <price>0.1150</price>
      </item>
      <item>
        <sku>6161A-15/750</sku>
        <quantity>2025</quantity>
        <unit>mb</unit>
        <price>0.1980</price>
      </item>
      <item>
        <sku>6160-25</sku>
        <quantity>20250</quantity>
        <unit>mb</unit>
        <price>0.10</price>
      </item>
      <item>
        <sku>6160-50</sku>
        <quantity>1000</quantity>
        <unit>mb</unit>
        <price>0.10</price>
      </item>
      <item>
        <sku>6161A-25</sku>
        <quantity>500</quantity>
        <unit>mb</unit>
        <price>0.11</price>
      </item>
      <item>
        <sku>6160-15/750</sku>
        <quantity>20</quantity>
        <unit>mb</unit>
        <price>0.1390</price>
      </item>
      <item>
        <sku>PALETA EURO</sku>
        <quantity>10</quantity>
        <unit>szt</unit>
        <price>19.00</price>
      </item>
    </items>
  </invoice>
</commerceinfo>