﻿<?xml version="1.0" encoding="utf-8"?>
<commerceinfo version="2.04" ctime="2023-12-18">
  <invoice>
    <date>18-12-2023</date>
    <no>BN-3863965 Jaunceltnes iela 40</no>
    <time>11-17-08</time>
    <shipping_date>21</shipping_date>
    <shipping_metod>2</shipping_metod>
    <priority_star>green_star</priority_star>
    <projectID>0045</projectID>
    <customer>
      <id>40003494995</id>
      <name>KURŠI SIA</name>
      <address_depiction>0000000000005</address_depiction>
      <email>rekini@kurshi.lv</email>
    </customer>
    <items>
      <item>
        <sku>ENC06FTR</sku>
        <ean>4752255016157</ean>
        <quantity>3</quantity>
      </item>
      <item>
        <sku>SB6L1PB16</sku>
        <ean>4751033954094</ean>
        <quantity>12</quantity>
      </item>
      <item>
        <sku>ENC12FTR</sku>
        <ean>4752255016171</ean>
        <quantity>1</quantity>
      </item>
      <item>
        <sku>085334-9-4</sku>
        <ean>4751033952090</ean>
        <quantity>20</quantity>
      </item>
      <item>
        <sku>ENC04FTR</sku>
        <ean>4752255016140</ean>
        <quantity>1</quantity>
      </item>
      <item>
        <sku>A.0063</sku>
        <ean>5907484330393</ean>
        <quantity>10</quantity>
      </item>
    </items>
  </invoice>
</commerceinfo>