﻿<?xml version="1.0" encoding="utf-8"?>
<commerceinfo version="2.04" ctime="2023-11-09">
  <invoice>
    <date>06-11-2023</date>
    <no>BN-3811271</no>
    <time>22-31-44</time>
    <shipping_date>223</shipping_date>
    <shipping_metod>2</shipping_metod>
    <priority_star>green_star</priority_star>
    <customer>
      <id>KURSI</id>
      <name>KURSI KURSI</name>
      <address_depiction>0000000000005</address_depiction>
      <email>kursi email</email>
    </customer>
    <items>
      <item>
        <sku>SB6L1PC16</sku>
        <ean>4751033953783</ean>
        <quantity>12</quantity>
      </item>
      <item>
        <sku>085334-9-4</sku>
        <ean>4751033952090</ean>
        <quantity>20</quantity>
      </item>
      <item>
        <sku>C.2067</sku>
        <ean>5905793088011</ean>
        <quantity>9</quantity>
      </item>
      <item>
        <sku>ENC04FTR</sku>
        <ean>4752255016140</ean>
        <quantity>1</quantity>
      </item>
      <item>
        <sku>ENC06FTR</sku>
        <ean>4752255016157</ean>
        <quantity>1</quantity>
      </item>
      <item>
        <sku>SE230VAC</sku>
        <ean>4751033955053</ean>
        <quantity>5</quantity>
      </item>
      <item>
        <sku>VX1108B</sku>
        <ean>4752255014566</ean>
        <quantity>5</quantity>
      </item>
      <item>
        <sku>A.0064</sku>
        <ean>5901350818336</ean>
        <quantity>30</quantity>
      </item>
      <item>
        <sku>S-BOX 036BO</sku>
        <ean>5901350809600</ean>
        <quantity>30</quantity>
      </item>
      <item>
        <sku>A.0047P</sku>
        <ean>5908289626070</ean>
        <quantity>24</quantity>
      </item>
    </items>
  </invoice>
</commerceinfo>