﻿<?xml version="1.0" encoding="utf-8"?>
<commerceinfo version="2.04" ctime="2023-11-09">
  <invoice>
    <date>06-11-2023</date>
    <no>BN-3810937</no>
    <time>22-31-43</time>
    <shipping_date>223</shipping_date>
    <shipping_metod>2</shipping_metod>
    <priority_star>green_star</priority_star>
    <customer>
      <id>KURSI</id>
      <name>KURSI KURSI</name>
      <address_depiction>0000000000005</address_depiction>
      <email>kursi email</email>
    </customer>
    <items>
      <item>
        <sku>SB6L1PC10</sku>
        <ean>4751033953769</ean>
        <quantity>12</quantity>
      </item>
      <item>
        <sku>SB6L1PC16</sku>
        <ean>4751033953783</ean>
        <quantity>12</quantity>
      </item>
      <item>
        <sku>A.0064</sku>
        <ean>5901350818336</ean>
        <quantity>20</quantity>
      </item>
      <item>
        <sku>S-BOX 036BO</sku>
        <ean>5901350809600</ean>
        <quantity>20</quantity>
      </item>
      <item>
        <sku>A.0046LP.</sku>
        <ean>5902983347224</ean>
        <quantity>77</quantity>
      </item>
    </items>
  </invoice>
</commerceinfo>