﻿<?xml version="1.0" encoding="utf-8"?>
<commerceinfo version="2.04" ctime="2023-11-09">
  <invoice>
    <date>06-11-2023</date>
    <no>BN-3811270</no>
    <time>22-31-44</time>
    <shipping_date>223</shipping_date>
    <shipping_metod>2</shipping_metod>
    <priority_star>green_star</priority_star>
    <customer>
      <id>KURSI</id>
      <name>KURSI KURSI</name>
      <address_depiction>0000000000005</address_depiction>
      <email>kursi email</email>
    </customer>
    <items>
      <item>
        <sku>SB6L1PC10</sku>
        <ean>4751033953769</ean>
        <quantity>12</quantity>
      </item>
      <item>
        <sku>SB6L3PC20</sku>
        <ean>4751033953974</ean>
        <quantity>8</quantity>
      </item>
      <item>
        <sku>SB6L1PB10</sku>
        <ean>4751033954070</ean>
        <quantity>12</quantity>
      </item>
      <item>
        <sku>C.2067</sku>
        <ean>5905793088011</ean>
        <quantity>9</quantity>
      </item>
      <item>
        <sku>ENC08FTR</sku>
        <ean>4752255016164</ean>
        <quantity>1</quantity>
      </item>
      <item>
        <sku>S-BOX 036BO</sku>
        <ean>5901350809600</ean>
        <quantity>30</quantity>
      </item>
    </items>
  </invoice>
</commerceinfo>