﻿<?xml version="1.0" encoding="utf-8"?>
<commerceinfo version="2.04" ctime="2023-11-09">
  <invoice>
    <date>06-11-2023</date>
    <no>BN-3811173</no>
    <time>22-31-44</time>
    <shipping_date>223</shipping_date>
    <shipping_metod>2</shipping_metod>
    <priority_star>green_star</priority_star>
    <customer>
      <id>KURSI</id>
      <name>KURSI KURSI</name>
      <address_depiction>0000000000005</address_depiction>
      <email>kursi email</email>
    </customer>
    <items>
      <item>
        <sku>B.MINI-3S</sku>
        <ean>5901350841754</ean>
        <quantity>1</quantity>
      </item>
      <item>
        <sku>SB6L1PC20</sku>
        <ean>4751033953790</ean>
        <quantity>12</quantity>
      </item>
      <item>
        <sku>C.2067</sku>
        <ean>5905793088011</ean>
        <quantity>9</quantity>
      </item>
      <item>
        <sku>ENC04FTR</sku>
        <ean>4752255016140</ean>
        <quantity>2</quantity>
      </item>
      <item>
        <sku>ENC06FTR</sku>
        <ean>4752255016157</ean>
        <quantity>2</quantity>
      </item>
      <item>
        <sku>ENC12FTR</sku>
        <ean>4752255016171</ean>
        <quantity>2</quantity>
      </item>
      <item>
        <sku>A.0064</sku>
        <ean>5901350818336</ean>
        <quantity>30</quantity>
      </item>
      <item>
        <sku>S-BOX 036BO</sku>
        <ean>5901350809600</ean>
        <quantity>30</quantity>
      </item>
      <item>
        <sku>A.0063</sku>
        <ean>5907484330393</ean>
        <quantity>16</quantity>
      </item>
      <item>
        <sku>A.0041P</sku>
        <ean>5908289626063</ean>
        <quantity>50</quantity>
      </item>
      <item>
        <sku>A.0010P</sku>
        <ean>5908289625776</ean>
        <quantity>50</quantity>
      </item>
    </items>
  </invoice>
</commerceinfo>