﻿<?xml version="1.0" encoding="utf-8"?>
<commerceinfo version="2.04" ctime="2023-11-09">
  <invoice>
    <date>06-11-2023</date>
    <no>BN-3811272</no>
    <time>22-31-44</time>
    <shipping_date>223</shipping_date>
    <shipping_metod>2</shipping_metod>
    <priority_star>green_star</priority_star>
    <customer>
      <id>KURSI</id>
      <name>KURSI KURSI</name>
      <address_depiction>0000000000005</address_depiction>
      <email>kursi email</email>
    </customer>
    <items>
      <item>
        <sku>SB6L1PC16</sku>
        <ean>4751033953783</ean>
        <quantity>12</quantity>
      </item>
      <item>
        <sku>SB6L1PB10</sku>
        <ean>4751033954070</ean>
        <quantity>12</quantity>
      </item>
      <item>
        <sku>SB6L1PB16</sku>
        <ean>4751033954094</ean>
        <quantity>12</quantity>
      </item>
      <item>
        <sku>SB6L1PB25</sku>
        <ean>4751033954117</ean>
        <quantity>12</quantity>
      </item>
      <item>
        <sku>PL8A2MB1630</sku>
        <ean>4751033954711</ean>
        <quantity>6</quantity>
      </item>
      <item>
        <sku>A.0064</sku>
        <ean>5901350818336</ean>
        <quantity>30</quantity>
      </item>
      <item>
        <sku>S-BOX 036BO</sku>
        <ean>5901350809600</ean>
        <quantity>30</quantity>
      </item>
      <item>
        <sku>A.0046LP.</sku>
        <ean>5902983347224</ean>
        <quantity>24</quantity>
      </item>
      <item>
        <sku>A.0041P</sku>
        <ean>5908289626063</ean>
        <quantity>50</quantity>
      </item>
    </items>
  </invoice>
</commerceinfo>