﻿<?xml version="1.0" encoding="utf-8"?>
<commerceinfo version="2.04" ctime="2024-04-26">
  <invoice>
    <docType>incomingInvoice</docType>
    <no>FSE-118/02/24 TEST</no>
    <date>20-02-2024</date>
    <time>16-28-03</time>
    <discount>null</discount>
    <customer>
      <id>5512384957</id>
      <name>Pawbol S.A.</name>
    </customer>
    <items>
      <item>
        <sku>D.3156S</sku>
        <quantity>30</quantity>
        <unit>szt</unit>
        <price>4.12</price>
      </item>
      <item>
        <sku>D.3710W2C</sku>
        <quantity>36</quantity>
        <unit>szt</unit>
        <price>1.53</price>
      </item>
      <item>
        <sku>D.3113SBGW/1</sku>
        <quantity>72</quantity>
        <unit>szt</unit>
        <price>2.35</price>
      </item>
      <item>
        <sku>D.3610WS</sku>
        <quantity>60</quantity>
        <unit>szt</unit>
        <price>1.26</price>
      </item>
      <item>
        <sku>D.3210W2</sku>
        <quantity>72</quantity>
        <unit>szt</unit>
        <price>1.32</price>
      </item>
      <item>
        <sku>D.3610W2</sku>
        <quantity>108</quantity>
        <unit>szt</unit>
        <price>1.30</price>
      </item>
      <item>
        <sku>D.3110W</sku>
        <quantity>132</quantity>
        <unit>szt</unit>
        <price>1.10</price>
      </item>
      <item>
        <sku>D.3610W</sku>
        <quantity>432</quantity>
        <unit>szt</unit>
        <price>1.14</price>
      </item>
      <item>
        <sku>D.3110W2</sku>
        <quantity>12</quantity>
        <unit>szt</unit>
        <price>1.30</price>
      </item>
      <item>
        <sku>D.3610WD</sku>
        <quantity>12</quantity>
        <unit>szt</unit>
        <price>1.26</price>
      </item>
      <item>
        <sku>E.4029</sku>
        <quantity>144</quantity>
        <unit>szt</unit>
        <price>4.83</price>
      </item>
      <item>
        <sku>B.1035</sku>
        <quantity>6</quantity>
        <unit>szt</unit>
        <price>1.62</price>
      </item>
      <item>
        <sku>A.0006LP</sku>
        <quantity>3410</quantity>
        <unit>szt</unit>
        <price>0.10</price>
      </item>
      <item>
        <sku>B.MULTI-12S-1-S</sku>
        <quantity>2</quantity>
        <unit>szt</unit>
        <price>121.70</price>
      </item>
      <item>
        <sku>A.0064</sku>
        <quantity>90</quantity>
        <unit>szt</unit>
        <price>0.43</price>
      </item>
      <item>
        <sku>A.0065C</sku>
        <quantity>30</quantity>
        <unit>szt</unit>
        <price>0.74</price>
      </item>
      <item>
        <sku>A.0064C</sku>
        <quantity>45</quantity>
        <unit>szt</unit>
        <price>0.49</price>
      </item>
      <item>
        <sku>A.0063</sku>
        <quantity>1260</quantity>
        <unit>szt</unit>
        <price>0.34</price>
      </item>
      <item>
        <sku>B.1091-S</sku>
        <quantity>6</quantity>
        <unit>szt</unit>
        <price>6.20</price>
      </item>
      <item>
        <sku>B.1601-S</sku>
        <quantity>10</quantity>
        <unit>szt</unit>
        <price>5.38</price>
      </item>
      <item>
        <sku>B.1603-S</sku>
        <quantity>30</quantity>
        <unit>szt</unit>
        <price>10.34</price>
      </item>
      <item>
        <sku>B.1203S</sku>
        <quantity>21</quantity>
        <unit>szt</unit>
        <price>9.05</price>
      </item>
      <item>
        <sku>B.1801-S</sku>
        <quantity>10</quantity>
        <unit>szt</unit>
        <price>14.66</price>
      </item>
      <item>
        <sku>B.1701R-S</sku>
        <quantity>8</quantity>
        <unit>szt</unit>
        <price>16.41</price>
      </item>
      <item>
        <sku>B.1100-02-S</sku>
        <quantity>28</quantity>
        <unit>szt</unit>
        <price>17.13</price>
      </item>
      <item>
        <sku>B.1096-S</sku>
        <quantity>53</quantity>
        <unit>szt</unit>
        <price>16.66</price>
      </item>
      <item>
        <sku>B.1627-S</sku>
        <quantity>3</quantity>
        <unit>szt</unit>
        <price>19.18</price>
      </item>
      <item>
        <sku>B.1721R-S</sku>
        <quantity>5</quantity>
        <unit>szt</unit>
        <price>16.41</price>
      </item>
      <item>
        <sku>B.1605-S</sku>
        <quantity>12</quantity>
        <unit>szt</unit>
        <price>16.07</price>
      </item>
      <item>
        <sku>B.1094W-S</sku>
        <quantity>1</quantity>
        <unit>szt</unit>
        <price>21.88</price>
      </item>
      <item>
        <sku>B.18.300-9-S</sku>
        <quantity>1</quantity>
        <unit>szt</unit>
        <price>19.66</price>
      </item>
      <item>
        <sku>B.18.382-1-S</sku>
        <quantity>11</quantity>
        <unit>szt</unit>
        <price>24.79</price>
      </item>
      <item>
        <sku>B.18.382-4-S</sku>
        <quantity>1</quantity>
        <unit>szt</unit>
        <price>31.07</price>
      </item>
      <item>
        <sku>B.18.460-1-S</sku>
        <quantity>15</quantity>
        <unit>szt</unit>
        <price>48.65</price>
      </item>
      <item>
        <sku>B.SLIM-6S-14-S</sku>
        <quantity>1</quantity>
        <unit>szt</unit>
        <price>21.68</price>
      </item>
      <item>
        <sku>D.3153S</sku>
        <quantity>40</quantity>
        <unit>szt</unit>
        <price>0.87</price>
      </item>
      <item>
        <sku>B.MINI-3S</sku>
        <quantity>15</quantity>
        <unit>szt</unit>
        <price>11.02</price>
      </item>
      <item>
        <sku>B.MINI-1</sku>
        <quantity>14</quantity>
        <unit>szt</unit>
        <price>11.57</price>
      </item>
      <item>
        <sku>B.MINI-2</sku>
        <quantity>3</quantity>
        <unit>szt</unit>
        <price>14.01</price>
      </item>
      <item>
        <sku>C.1512</sku>
        <quantity>7</quantity>
        <unit>szt</unit>
        <price>11.12</price>
      </item>
      <item>
        <sku>C.1524</sku>
        <quantity>50</quantity>
        <unit>szt</unit>
        <price>13.86</price>
      </item>
      <item>
        <sku>S-BOX 106C</sku>
        <quantity>48</quantity>
        <unit>szt</unit>
        <price>1.01</price>
      </item>
      <item>
        <sku>S-BOX 506C</sku>
        <quantity>60</quantity>
        <unit>szt</unit>
        <price>3.88</price>
      </item>
      <item>
        <sku>S-BOX 036O</sku>
        <quantity>10</quantity>
        <unit>szt</unit>
        <price>0.42</price>
      </item>
      <item>
        <sku>S-BOX 316H-P</sku>
        <quantity>1</quantity>
        <unit>szt</unit>
        <price>3.31</price>
      </item>
      <item>
        <sku>S-BOX 306</sku>
        <quantity>350</quantity>
        <unit>szt</unit>
        <price>1.37</price>
      </item>
      <item>
        <sku>S-BOX 406</sku>
        <quantity>45</quantity>
        <unit>szt</unit>
        <price>2.25</price>
      </item>
      <item>
        <sku>S-BOX 416</sku>
        <quantity>15</quantity>
        <unit>szt</unit>
        <price>1.82</price>
      </item>
      <item>
        <sku>S-BOX 506</sku>
        <quantity>60</quantity>
        <unit>szt</unit>
        <price>3.06</price>
      </item>
      <item>
        <sku>S-BOX 516</sku>
        <quantity>84</quantity>
        <unit>szt</unit>
        <price>2.66</price>
      </item>
      <item>
        <sku>S-BOX 516CZ</sku>
        <quantity>17</quantity>
        <unit>szt</unit>
        <price>2.88</price>
      </item>
      <item>
        <sku>S-BOX 606</sku>
        <quantity>10</quantity>
        <unit>szt</unit>
        <price>7.23</price>
      </item>
      <item>
        <sku>PALETA EURO</sku>
        <quantity>5</quantity>
        <unit>szt</unit>
        <price>19.00</price>
      </item>
    </items>
  </invoice>
</commerceinfo>