﻿<?xml version="1.0" encoding="utf-8"?>
<commerceinfo version="2.04" ctime="2024-04-26">
  <invoice>
    <docType>incomingInvoice</docType>
    <no>FSE-150/03/24 TEST</no>
    <date>25-03-2024</date>
    <time>16-29-00</time>
    <discount>null</discount>
    <customer>
      <id>5512384957</id>
      <name>Pawbol S.A.</name>
    </customer>
    <items>
      <item>
        <sku>H.7008A -25</sku>
        <quantity>100</quantity>
        <unit>op</unit>
        <price>0.31</price>
      </item>
      <item>
        <sku>H.7009A -25</sku>
        <quantity>50</quantity>
        <unit>op</unit>
        <price>0.30</price>
      </item>
      <item>
        <sku>H.7001A -25</sku>
        <quantity>50</quantity>
        <unit>op</unit>
        <price>0.22</price>
      </item>
      <item>
        <sku>H.7002A -25</sku>
        <quantity>100</quantity>
        <unit>op</unit>
        <price>0.22</price>
      </item>
      <item>
        <sku>H.7005A -25</sku>
        <quantity>200</quantity>
        <unit>op</unit>
        <price>0.25</price>
      </item>
      <item>
        <sku>H.7007A -25</sku>
        <quantity>300</quantity>
        <unit>op</unit>
        <price>0.26</price>
      </item>
      <item>
        <sku>H.7010A -25</sku>
        <quantity>200</quantity>
        <unit>op</unit>
        <price>0.24</price>
      </item>
      <item>
        <sku>H.7011A -25</sku>
        <quantity>100</quantity>
        <unit>op</unit>
        <price>0.24</price>
      </item>
      <item>
        <sku>H.7206A</sku>
        <quantity>50</quantity>
        <unit>op</unit>
        <price>0.88</price>
      </item>
      <item>
        <sku>A.0006LP</sku>
        <quantity>110</quantity>
        <unit>szt</unit>
        <price>0.10</price>
      </item>
      <item>
        <sku>A.0005BL</sku>
        <quantity>200</quantity>
        <unit>szt</unit>
        <price>0.08</price>
      </item>
      <item>
        <sku>A.0006BL</sku>
        <quantity>220</quantity>
        <unit>szt</unit>
        <price>0.10</price>
      </item>
      <item>
        <sku>A.0006P/68</sku>
        <quantity>300</quantity>
        <unit>szt</unit>
        <price>0.16</price>
      </item>
      <item>
        <sku>A.0005LP</sku>
        <quantity>1000</quantity>
        <unit>szt</unit>
        <price>0.09</price>
      </item>
      <item>
        <sku>A.0063</sku>
        <quantity>180</quantity>
        <unit>szt</unit>
        <price>0.36</price>
      </item>
      <item>
        <sku>A.0005BLP</sku>
        <quantity>600</quantity>
        <unit>szt</unit>
        <price>0.08</price>
      </item>
      <item>
        <sku>A.0042WP</sku>
        <quantity>400</quantity>
        <unit>szt</unit>
        <price>0.26</price>
      </item>
      <item>
        <sku>A.0049WP</sku>
        <quantity>102</quantity>
        <unit>szt</unit>
        <price>0.63</price>
      </item>
      <item>
        <sku>A.0048WP</sku>
        <quantity>102</quantity>
        <unit>szt</unit>
        <price>1.13</price>
      </item>
      <item>
        <sku>A.0001A</sku>
        <quantity>100</quantity>
        <unit>szt</unit>
        <price>0.06</price>
      </item>
      <item>
        <sku>A.0001AP</sku>
        <quantity>200</quantity>
        <unit>szt</unit>
        <price>0.06</price>
      </item>
      <item>
        <sku>A.0002</sku>
        <quantity>300</quantity>
        <unit>szt</unit>
        <price>0.08</price>
      </item>
      <item>
        <sku>A.0001</sku>
        <quantity>100</quantity>
        <unit>szt</unit>
        <price>0.06</price>
      </item>
      <item>
        <sku>A.0002D</sku>
        <quantity>90</quantity>
        <unit>szt</unit>
        <price>0.08</price>
      </item>
      <item>
        <sku>D.3005</sku>
        <quantity>300</quantity>
        <unit>szt</unit>
        <price>0.23</price>
      </item>
      <item>
        <sku>D.3027</sku>
        <quantity>60</quantity>
        <unit>szt</unit>
        <price>0.23</price>
      </item>
      <item>
        <sku>D.3004</sku>
        <quantity>60</quantity>
        <unit>szt</unit>
        <price>0.21</price>
      </item>
      <item>
        <sku>D.3006</sku>
        <quantity>400</quantity>
        <unit>szt</unit>
        <price>0.30</price>
      </item>
      <item>
        <sku>A.0044LP</sku>
        <quantity>1100</quantity>
        <unit>szt</unit>
        <price>0.24</price>
      </item>
      <item>
        <sku>A.0046LP</sku>
        <quantity>1500</quantity>
        <unit>szt</unit>
        <price>0.24</price>
      </item>
      <item>
        <sku>A.0040P</sku>
        <quantity>400</quantity>
        <unit>szt</unit>
        <price>0.25</price>
      </item>
      <item>
        <sku>A.0010P</sku>
        <quantity>500</quantity>
        <unit>szt</unit>
        <price>0.47</price>
      </item>
      <item>
        <sku>A.0041P</sku>
        <quantity>200</quantity>
        <unit>szt</unit>
        <price>0.73</price>
      </item>
      <item>
        <sku>A.0047P</sku>
        <quantity>54</quantity>
        <unit>szt</unit>
        <price>1.46</price>
      </item>
      <item>
        <sku>A.0008</sku>
        <quantity>210</quantity>
        <unit>szt</unit>
        <price>0.26</price>
      </item>
      <item>
        <sku>A.0008P</sku>
        <quantity>140</quantity>
        <unit>szt</unit>
        <price>0.26</price>
      </item>
      <item>
        <sku>A.0009</sku>
        <quantity>240</quantity>
        <unit>szt</unit>
        <price>0.27</price>
      </item>
      <item>
        <sku>A.0009P</sku>
        <quantity>120</quantity>
        <unit>szt</unit>
        <price>0.27</price>
      </item>
      <item>
        <sku>C.2072</sku>
        <quantity>100</quantity>
        <unit>szt</unit>
        <price>4.02</price>
      </item>
      <item>
        <sku>C.2070</sku>
        <quantity>1</quantity>
        <unit>szt</unit>
        <price>3.63</price>
      </item>
      <item>
        <sku>C.2030</sku>
        <quantity>60</quantity>
        <unit>szt</unit>
        <price>0.67</price>
      </item>
      <item>
        <sku>C.2016</sku>
        <quantity>60</quantity>
        <unit>szt</unit>
        <price>0.47</price>
      </item>
      <item>
        <sku>C.2015</sku>
        <quantity>60</quantity>
        <unit>szt</unit>
        <price>0.55</price>
      </item>
      <item>
        <sku>C.2014</sku>
        <quantity>60</quantity>
        <unit>szt</unit>
        <price>0.62</price>
      </item>
      <item>
        <sku>C.2013</sku>
        <quantity>152</quantity>
        <unit>szt</unit>
        <price>0.85</price>
      </item>
      <item>
        <sku>C.2019</sku>
        <quantity>60</quantity>
        <unit>szt</unit>
        <price>0.74</price>
      </item>
      <item>
        <sku>S-BOX 036BO</sku>
        <quantity>100</quantity>
        <unit>szt</unit>
        <price>0.49</price>
      </item>
      <item>
        <sku>S-BOX 036</sku>
        <quantity>50</quantity>
        <unit>szt</unit>
        <price>0.50</price>
      </item>
      <item>
        <sku>H.7202A</sku>
        <quantity>100</quantity>
        <unit>op</unit>
        <price>0.45</price>
      </item>
      <item>
        <sku>E.4033</sku>
        <quantity>600</quantity>
        <unit>szt</unit>
        <price>0.36</price>
      </item>
      <item>
        <sku>E.4034</sku>
        <quantity>400</quantity>
        <unit>szt</unit>
        <price>0.48</price>
      </item>
      <item>
        <sku>E.4035</sku>
        <quantity>200</quantity>
        <unit>szt</unit>
        <price>0.67</price>
      </item>
      <item>
        <sku>E.4031</sku>
        <quantity>800</quantity>
        <unit>szt</unit>
        <price>0.22</price>
      </item>
      <item>
        <sku>E.4032</sku>
        <quantity>600</quantity>
        <unit>szt</unit>
        <price>0.27</price>
      </item>
      <item>
        <sku>D.3105</sku>
        <quantity>60</quantity>
        <unit>szt</unit>
        <price>0.67</price>
      </item>
      <item>
        <sku>A.0054</sku>
        <quantity>500</quantity>
        <unit>szt</unit>
        <price>0.05</price>
      </item>
      <item>
        <sku>A.0001BLP</sku>
        <quantity>110</quantity>
        <unit>szt</unit>
        <price>0.08</price>
      </item>
    </items>
  </invoice>
</commerceinfo>