﻿<?xml version="1.0" encoding="utf-8"?>
<commerceinfo version="2.04" ctime="2024-04-26">
  <invoice>
    <docType>incomingInvoice</docType>
    <no>FSE-147/03/24 TEST</no>
    <date>22-03-2024</date>
    <time>16-28-16</time>
    <discount>null</discount>
    <customer>
      <id>5512384957</id>
      <name>Pawbol S.A.</name>
    </customer>
    <items>
      <item>
        <sku>D.3215SBRGGG/1</sku>
        <quantity>30</quantity>
        <unit>szt</unit>
        <price>3.49</price>
      </item>
      <item>
        <sku>A.0035</sku>
        <quantity>150</quantity>
        <unit>szt</unit>
        <price>1.69</price>
      </item>
      <item>
        <sku>A.0004</sku>
        <quantity>100</quantity>
        <unit>szt</unit>
        <price>0.10</price>
      </item>
      <item>
        <sku>D.3166</sku>
        <quantity>60</quantity>
        <unit>szt</unit>
        <price>2.19</price>
      </item>
      <item>
        <sku>D.3151</sku>
        <quantity>120</quantity>
        <unit>szt</unit>
        <price>1.96</price>
      </item>
      <item>
        <sku>A.0010AG</sku>
        <quantity>160</quantity>
        <unit>szt</unit>
        <price>0.71</price>
      </item>
      <item>
        <sku>A.0047P</sku>
        <quantity>390</quantity>
        <unit>szt</unit>
        <price>1.46</price>
      </item>
      <item>
        <sku>A.0047AG</sku>
        <quantity>36</quantity>
        <unit>szt</unit>
        <price>2.04</price>
      </item>
      <item>
        <sku>A.0048A</sku>
        <quantity>12</quantity>
        <unit>szt</unit>
        <price>2.44</price>
      </item>
      <item>
        <sku>C.2061</sku>
        <quantity>24</quantity>
        <unit>szt</unit>
        <price>1.05</price>
      </item>
      <item>
        <sku>C.2063</sku>
        <quantity>24</quantity>
        <unit>szt</unit>
        <price>1.41</price>
      </item>
      <item>
        <sku>C.2019</sku>
        <quantity>48</quantity>
        <unit>szt</unit>
        <price>0.74</price>
      </item>
      <item>
        <sku>C.2067</sku>
        <quantity>18</quantity>
        <unit>szt</unit>
        <price>1.34</price>
      </item>
      <item>
        <sku>C.2031</sku>
        <quantity>27</quantity>
        <unit>szt</unit>
        <price>1.87</price>
      </item>
      <item>
        <sku>C.1512</sku>
        <quantity>40</quantity>
        <unit>szt</unit>
        <price>11.73</price>
      </item>
      <item>
        <sku>C.1524</sku>
        <quantity>20</quantity>
        <unit>szt</unit>
        <price>14.63</price>
      </item>
      <item>
        <sku>B.1942-S</sku>
        <quantity>21</quantity>
        <unit>szt</unit>
        <price>7.03</price>
      </item>
    </items>
  </invoice>
</commerceinfo>