﻿<?xml version="1.0" encoding="utf-8"?>
<commerceinfo version="2.04" ctime="2024-04-26">
  <invoice>
    <docType>incomingInvoice</docType>
    <no>FSE-152/03/24 TEST</no>
    <date>25-03-2024</date>
    <time>16-28-44</time>
    <discount>null</discount>
    <customer>
      <id>5512384957</id>
      <name>Pawbol S.A.</name>
    </customer>
    <items>
      <item>
        <sku>D.3187</sku>
        <quantity>800</quantity>
        <unit>szt</unit>
        <price>0.15</price>
      </item>
      <item>
        <sku>A.0039</sku>
        <quantity>1500</quantity>
        <unit>szt</unit>
        <price>0.05</price>
      </item>
    </items>
  </invoice>
</commerceinfo>