﻿<?xml version="1.0" encoding="utf-8"?>
<commerceinfo version="2.04" ctime="2024-04-26">
  <invoice>
    <docType>incomingInvoice</docType>
    <no>FSE-144/03/24 TEST</no>
    <date>22-03-2024</date>
    <time>16-28-09</time>
    <discount>null</discount>
    <customer>
      <id>5512384957</id>
      <name>Pawbol S.A.</name>
    </customer>
    <items>
      <item>
        <sku>6102A-50/750</sku>
        <quantity>500</quantity>
        <unit>mb</unit>
        <price>0.22</price>
      </item>
      <item>
        <sku>6110/750</sku>
        <quantity>500</quantity>
        <unit>mb</unit>
        <price>0.31</price>
      </item>
      <item>
        <sku>6160-25/750</sku>
        <quantity>2000</quantity>
        <unit>mb</unit>
        <price>0.1260</price>
      </item>
      <item>
        <sku>6160-50/750</sku>
        <quantity>7000</quantity>
        <unit>mb</unit>
        <price>0.1260</price>
      </item>
      <item>
        <sku>6161A-15/750</sku>
        <quantity>2520</quantity>
        <unit>mb</unit>
        <price>0.1980</price>
      </item>
      <item>
        <sku>6161A-50/750</sku>
        <quantity>2200</quantity>
        <unit>mb</unit>
        <price>0.18</price>
      </item>
      <item>
        <sku>6163A-15/750</sku>
        <quantity>300</quantity>
        <unit>mb</unit>
        <price>0.2620</price>
      </item>
      <item>
        <sku>6163A-50/750</sku>
        <quantity>2500</quantity>
        <unit>mb</unit>
        <price>0.2380</price>
      </item>
      <item>
        <sku>6166-25/750P</sku>
        <quantity>1300</quantity>
        <unit>mb</unit>
        <price>0.29</price>
      </item>
      <item>
        <sku>6109-50</sku>
        <quantity>2000</quantity>
        <unit>mb</unit>
        <price>0.09</price>
      </item>
      <item>
        <sku>6102A-50</sku>
        <quantity>2000</quantity>
        <unit>mb</unit>
        <price>0.15</price>
      </item>
      <item>
        <sku>6110</sku>
        <quantity>500</quantity>
        <unit>mb</unit>
        <price>0.23</price>
      </item>
      <item>
        <sku>6160-50</sku>
        <quantity>7500</quantity>
        <unit>mb</unit>
        <price>0.10</price>
      </item>
      <item>
        <sku>6161A-15</sku>
        <quantity>735</quantity>
        <unit>mb</unit>
        <price>0.1270</price>
      </item>
      <item>
        <sku>6166-25</sku>
        <quantity>3000</quantity>
        <unit>mb</unit>
        <price>0.25</price>
      </item>
      <item>
        <sku>PALETA EURO</sku>
        <quantity>17</quantity>
        <unit>szt</unit>
        <price>19.00</price>
      </item>
    </items>
  </invoice>
</commerceinfo>