﻿<?xml version="1.0" encoding="utf-8"?>
<commerceinfo version="2.04" ctime="2024-04-26">
  <invoice>
    <docType>incomingInvoice</docType>
    <no>FSE-114/02/24 TEST</no>
    <date>19-02-2024</date>
    <time>16-27-47</time>
    <discount>null</discount>
    <customer>
      <id>5512384957</id>
      <name>Pawbol S.A.</name>
    </customer>
    <items>
      <item>
        <sku>6160-15/750</sku>
        <quantity>1935</quantity>
        <unit>mb</unit>
        <price>0.1390</price>
      </item>
      <item>
        <sku>6160-15</sku>
        <quantity>1470</quantity>
        <unit>mb</unit>
        <price>0.1150</price>
      </item>
      <item>
        <sku>6160-25</sku>
        <quantity>10575</quantity>
        <unit>mb</unit>
        <price>0.10</price>
      </item>
      <item>
        <sku>6160-50</sku>
        <quantity>2400</quantity>
        <unit>mb</unit>
        <price>0.10</price>
      </item>
      <item>
        <sku>6161A-50</sku>
        <quantity>11000</quantity>
        <unit>mb</unit>
        <price>0.11</price>
      </item>
      <item>
        <sku>6163A-50</sku>
        <quantity>2700</quantity>
        <unit>mb</unit>
        <price>0.17</price>
      </item>
      <item>
        <sku>K.1510JBR</sku>
        <quantity>160</quantity>
        <unit>mb</unit>
        <price>0.31</price>
      </item>
      <item>
        <sku>K.1510C</sku>
        <quantity>1440</quantity>
        <unit>mb</unit>
        <price>0.31</price>
      </item>
      <item>
        <sku>K.1715C</sku>
        <quantity>462</quantity>
        <unit>mb</unit>
        <price>0.35</price>
      </item>
      <item>
        <sku>K.2018C</sku>
        <quantity>1020</quantity>
        <unit>mb</unit>
        <price>0.38</price>
      </item>
      <item>
        <sku>K.2515C</sku>
        <quantity>900</quantity>
        <unit>mb</unit>
        <price>0.55</price>
      </item>
      <item>
        <sku>K.3230C</sku>
        <quantity>896</quantity>
        <unit>mb</unit>
        <price>0.78</price>
      </item>
      <item>
        <sku>K.4025C</sku>
        <quantity>50</quantity>
        <unit>mb</unit>
        <price>0.89</price>
      </item>
      <item>
        <sku>B.1032</sku>
        <quantity>30</quantity>
        <unit>szt</unit>
        <price>1.98</price>
      </item>
      <item>
        <sku>B.1036</sku>
        <quantity>6</quantity>
        <unit>szt</unit>
        <price>1.94</price>
      </item>
      <item>
        <sku>PALETA EURO</sku>
        <quantity>13</quantity>
        <unit>szt</unit>
        <price>19.00</price>
      </item>
    </items>
  </invoice>
</commerceinfo>