﻿<?xml version="1.0" encoding="utf-8"?>
<commerceinfo version="2.04" ctime="2024-04-26">
  <invoice>
    <docType>incomingInvoice</docType>
    <no>FSE-158/03/24 TEST</no>
    <date>25-03-2024</date>
    <time>16-29-03</time>
    <discount>null</discount>
    <customer>
      <id>5512384957</id>
      <name>Pawbol S.A.</name>
    </customer>
    <items>
      <item>
        <sku>PALETA EURO</sku>
        <quantity>7</quantity>
        <unit>szt</unit>
        <price>19.00</price>
      </item>
    </items>
  </invoice>
</commerceinfo>