﻿<?xml version="1.0" encoding="utf-8"?>
<commerceinfo version="2.04" ctime="2024-04-26">
  <invoice>
    <docType>incomingInvoice</docType>
    <no>FSE-150/02/24 TEST</no>
    <date>26-02-2024</date>
    <time>16-29-21</time>
    <discount>null</discount>
    <customer>
      <id>5512384957</id>
      <name>Pawbol S.A.</name>
    </customer>
    <items>
      <item>
        <sku>6160-50/750</sku>
        <quantity>9000</quantity>
        <unit>mb</unit>
        <price>0.1260</price>
      </item>
      <item>
        <sku>6160-15</sku>
        <quantity>1200</quantity>
        <unit>mb</unit>
        <price>0.1150</price>
      </item>
      <item>
        <sku>PALETA EURO</sku>
        <quantity>1</quantity>
        <unit>szt</unit>
        <price>19.00</price>
      </item>
    </items>
  </invoice>
</commerceinfo>