﻿<?xml version="1.0" encoding="utf-8"?>
<commerceinfo version="2.04" ctime="2024-04-26">
  <invoice>
    <docType>incomingInvoice</docType>
    <no>FSE-143/02/24 TEST</no>
    <date>23-02-2024</date>
    <time>16-28-35</time>
    <discount>null</discount>
    <customer>
      <id>5512384957</id>
      <name>Pawbol S.A.</name>
    </customer>
    <items>
      <item>
        <sku>D.3113SBGG/1</sku>
        <quantity>336</quantity>
        <unit>szt</unit>
        <price>2.01</price>
      </item>
      <item>
        <sku>D.3613SSGG/1</sku>
        <quantity>744</quantity>
        <unit>szt</unit>
        <price>2.12</price>
      </item>
      <item>
        <sku>D.3615SSGGG/1</sku>
        <quantity>816</quantity>
        <unit>szt</unit>
        <price>3.36</price>
      </item>
      <item>
        <sku>D.3215SBRGGG/1</sku>
        <quantity>114</quantity>
        <unit>szt</unit>
        <price>3.36</price>
      </item>
      <item>
        <sku>D.3111SBG/1</sku>
        <quantity>60</quantity>
        <unit>szt</unit>
        <price>1.14</price>
      </item>
      <item>
        <sku>D.3211SBRG/1</sku>
        <quantity>108</quantity>
        <unit>szt</unit>
        <price>1.16</price>
      </item>
      <item>
        <sku>G.6158</sku>
        <quantity>300</quantity>
        <unit>mb</unit>
        <price>0.08</price>
      </item>
      <item>
        <sku>A.0061</sku>
        <quantity>50</quantity>
        <unit>szt</unit>
        <price>0.09</price>
      </item>
      <item>
        <sku>D.3410</sku>
        <quantity>100</quantity>
        <unit>szt</unit>
        <price>0.07</price>
      </item>
      <item>
        <sku>B.1031</sku>
        <quantity>10</quantity>
        <unit>szt</unit>
        <price>1.52</price>
      </item>
      <item>
        <sku>B.1087</sku>
        <quantity>12</quantity>
        <unit>szt</unit>
        <price>3.19</price>
      </item>
      <item>
        <sku>B.1089</sku>
        <quantity>6</quantity>
        <unit>szt</unit>
        <price>3.46</price>
      </item>
      <item>
        <sku>A.0005LP</sku>
        <quantity>6300</quantity>
        <unit>szt</unit>
        <price>0.08</price>
      </item>
      <item>
        <sku>A.0020BR</sku>
        <quantity>30</quantity>
        <unit>szt</unit>
        <price>0.95</price>
      </item>
      <item>
        <sku>A.0018BR</sku>
        <quantity>110</quantity>
        <unit>szt</unit>
        <price>0.56</price>
      </item>
      <item>
        <sku>D.3151</sku>
        <quantity>48</quantity>
        <unit>szt</unit>
        <price>1.96</price>
      </item>
      <item>
        <sku>D.3005</sku>
        <quantity>60</quantity>
        <unit>szt</unit>
        <price>0.23</price>
      </item>
      <item>
        <sku>D.3027</sku>
        <quantity>60</quantity>
        <unit>szt</unit>
        <price>0.23</price>
      </item>
      <item>
        <sku>D.3006</sku>
        <quantity>20</quantity>
        <unit>szt</unit>
        <price>0.29</price>
      </item>
      <item>
        <sku>D.3006MA</sku>
        <quantity>225</quantity>
        <unit>szt</unit>
        <price>0.47</price>
      </item>
      <item>
        <sku>D.3005B</sku>
        <quantity>240</quantity>
        <unit>szt</unit>
        <price>0.26</price>
      </item>
      <item>
        <sku>B.1602-S</sku>
        <quantity>61</quantity>
        <unit>szt</unit>
        <price>9.12</price>
      </item>
      <item>
        <sku>B.1701RZ-S</sku>
        <quantity>3</quantity>
        <unit>szt</unit>
        <price>30.87</price>
      </item>
      <item>
        <sku>B.18.460-1Z-S</sku>
        <quantity>2</quantity>
        <unit>szt</unit>
        <price>101.73</price>
      </item>
      <item>
        <sku>A.0044LP</sku>
        <quantity>1210</quantity>
        <unit>szt</unit>
        <price>0.22</price>
      </item>
      <item>
        <sku>A.0045P</sku>
        <quantity>20</quantity>
        <unit>szt</unit>
        <price>1.18</price>
      </item>
      <item>
        <sku>A.0046LP</sku>
        <quantity>4400</quantity>
        <unit>szt</unit>
        <price>0.22</price>
      </item>
      <item>
        <sku>A.0010P</sku>
        <quantity>400</quantity>
        <unit>szt</unit>
        <price>0.45</price>
      </item>
      <item>
        <sku>A.0010PG</sku>
        <quantity>240</quantity>
        <unit>szt</unit>
        <price>0.49</price>
      </item>
      <item>
        <sku>A.0010AG</sku>
        <quantity>80</quantity>
        <unit>szt</unit>
        <price>0.68</price>
      </item>
      <item>
        <sku>A.0041A</sku>
        <quantity>100</quantity>
        <unit>szt</unit>
        <price>1.36</price>
      </item>
      <item>
        <sku>A.0041P</sku>
        <quantity>1150</quantity>
        <unit>szt</unit>
        <price>0.68</price>
      </item>
      <item>
        <sku>A.0047P</sku>
        <quantity>780</quantity>
        <unit>szt</unit>
        <price>1.36</price>
      </item>
      <item>
        <sku>A.0047AG</sku>
        <quantity>12</quantity>
        <unit>szt</unit>
        <price>1.91</price>
      </item>
      <item>
        <sku>A.0048P</sku>
        <quantity>36</quantity>
        <unit>szt</unit>
        <price>1.78</price>
      </item>
      <item>
        <sku>A.0048PG</sku>
        <quantity>6</quantity>
        <unit>szt</unit>
        <price>1.96</price>
      </item>
      <item>
        <sku>A.0008</sku>
        <quantity>140</quantity>
        <unit>szt</unit>
        <price>0.24</price>
      </item>
      <item>
        <sku>C.2072</sku>
        <quantity>11</quantity>
        <unit>szt</unit>
        <price>4.02</price>
      </item>
      <item>
        <sku>C.2030</sku>
        <quantity>240</quantity>
        <unit>szt</unit>
        <price>0.63</price>
      </item>
      <item>
        <sku>C.2016</sku>
        <quantity>240</quantity>
        <unit>szt</unit>
        <price>0.46</price>
      </item>
      <item>
        <sku>C.2061</sku>
        <quantity>12</quantity>
        <unit>szt</unit>
        <price>1.05</price>
      </item>
      <item>
        <sku>C.2014</sku>
        <quantity>96</quantity>
        <unit>szt</unit>
        <price>0.58</price>
      </item>
      <item>
        <sku>C.2019</sku>
        <quantity>12</quantity>
        <unit>szt</unit>
        <price>0.73</price>
      </item>
      <item>
        <sku>C.2027</sku>
        <quantity>420</quantity>
        <unit>szt</unit>
        <price>0.73</price>
      </item>
      <item>
        <sku>null</sku>
        <quantity>18</quantity>
        <unit>szt</unit>
        <price>1.11</price>
      </item>
      <item>
        <sku>C.2031</sku>
        <quantity>18</quantity>
        <unit>szt</unit>
        <price>1.87</price>
      </item>
      <item>
        <sku>C.2069</sku>
        <quantity>42</quantity>
        <unit>szt</unit>
        <price>2.80</price>
      </item>
      <item>
        <sku>S-BOX 106B</sku>
        <quantity>48</quantity>
        <unit>szt</unit>
        <price>0.78</price>
      </item>
      <item>
        <sku>S-BOX 106</sku>
        <quantity>528</quantity>
        <unit>szt</unit>
        <price>0.78</price>
      </item>
      <item>
        <sku>S-BOX 216-P</sku>
        <quantity>5</quantity>
        <unit>szt</unit>
        <price>1.19</price>
      </item>
      <item>
        <sku>S-BOX 706</sku>
        <quantity>6</quantity>
        <unit>szt</unit>
        <price>12.65</price>
      </item>
      <item>
        <sku>S-BOX 716</sku>
        <quantity>6</quantity>
        <unit>szt</unit>
        <price>11.87</price>
      </item>
      <item>
        <sku>E.4171</sku>
        <quantity>10</quantity>
        <unit>szt</unit>
        <price>1.40</price>
      </item>
      <item>
        <sku>E.4177</sku>
        <quantity>10</quantity>
        <unit>szt</unit>
        <price>1.47</price>
      </item>
      <item>
        <sku>R.8176</sku>
        <quantity>15</quantity>
        <unit>szt</unit>
        <price>1.08</price>
      </item>
      <item>
        <sku>OL 10002</sku>
        <quantity>10</quantity>
        <unit>szt</unit>
        <price>0.41</price>
      </item>
      <item>
        <sku>B.18.300-2ZRP-S</sku>
        <quantity>6</quantity>
        <unit>szt</unit>
        <price>57.83</price>
      </item>
      <item>
        <sku>B.325/3-S</sku>
        <quantity>1</quantity>
        <unit>szt</unit>
        <price>15.27</price>
      </item>
      <item>
        <sku>C.1548</sku>
        <quantity>2</quantity>
        <unit>szt</unit>
        <price>27.81</price>
      </item>
      <item>
        <sku>B.110415-40-S</sku>
        <quantity>1</quantity>
        <unit>szt</unit>
        <price>87.50</price>
      </item>
      <item>
        <sku>B.18.190-3-S</sku>
        <quantity>8</quantity>
        <unit>szt</unit>
        <price>10.76</price>
      </item>
      <item>
        <sku>B.18.3172-S</sku>
        <quantity>18</quantity>
        <unit>szt</unit>
        <price>29.56</price>
      </item>
      <item>
        <sku>B.165/3-S</sku>
        <quantity>3</quantity>
        <unit>szt</unit>
        <price>12.59</price>
      </item>
      <item>
        <sku>D.3151</sku>
        <quantity>12</quantity>
        <unit>szt</unit>
        <price>1.96</price>
      </item>
      <item>
        <sku>B.165/3-S</sku>
        <quantity>3</quantity>
        <unit>szt</unit>
        <price>12.59</price>
      </item>
      <item>
        <sku>C.1512</sku>
        <quantity>3</quantity>
        <unit>szt</unit>
        <price>11.73</price>
      </item>
      <item>
        <sku>C.1548</sku>
        <quantity>3</quantity>
        <unit>szt</unit>
        <price>27.81</price>
      </item>
      <item>
        <sku>S-BOX 416H</sku>
        <quantity>1</quantity>
        <unit>szt</unit>
        <price>4.30</price>
      </item>
    </items>
  </invoice>
</commerceinfo>