﻿<?xml version="1.0" encoding="utf-8"?>
<commerceinfo version="2.04" ctime="2024-04-26">
  <invoice>
    <docType>incomingInvoice</docType>
    <no>FSE-146/02/24 TEST</no>
    <date>23-02-2024</date>
    <time>16-28-20</time>
    <discount>null</discount>
    <customer>
      <id>5512384957</id>
      <name>Pawbol S.A.</name>
    </customer>
    <items>
      <item>
        <sku>6160-25</sku>
        <quantity>1975</quantity>
        <unit>mb</unit>
        <price>0.10</price>
      </item>
      <item>
        <sku>PALETA EURO</sku>
        <quantity>9</quantity>
        <unit>szt</unit>
        <price>19.00</price>
      </item>
      <item>
        <sku>K.11060</sku>
        <quantity>8</quantity>
        <unit>mb</unit>
        <price>4.19</price>
      </item>
      <item>
        <sku>K.13060</sku>
        <quantity>16</quantity>
        <unit>mb</unit>
        <price>3.98</price>
      </item>
      <item>
        <sku>K.2515C</sku>
        <quantity>60</quantity>
        <unit>mb</unit>
        <price>0.55</price>
      </item>
      <item>
        <sku>K.4040</sku>
        <quantity>48</quantity>
        <unit>mb</unit>
        <price>1.05</price>
      </item>
    </items>
  </invoice>
</commerceinfo>