﻿<?xml version="1.0" encoding="utf-8"?>
<commerceinfo version="2.04" ctime="2024-04-26">
  <invoice>
    <docType>incomingInvoice</docType>
    <no>FSE-157/03/24 TEST</no>
    <date>25-03-2024</date>
    <time>16-28-40</time>
    <discount>null</discount>
    <customer>
      <id>5512384957</id>
      <name>Pawbol S.A.</name>
    </customer>
    <items>
      <item>
        <sku>B.1030</sku>
        <quantity>42</quantity>
        <unit>szt</unit>
        <price>1.53</price>
      </item>
      <item>
        <sku>A.0044LP</sku>
        <quantity>3520</quantity>
        <unit>szt</unit>
        <price>0.22</price>
      </item>
      <item>
        <sku>A.0046LP</sku>
        <quantity>5900</quantity>
        <unit>szt</unit>
        <price>0.22</price>
      </item>
      <item>
        <sku>S-BOX 316H</sku>
        <quantity>3</quantity>
        <unit>szt</unit>
        <price>2.49</price>
      </item>
      <item>
        <sku>A.0046LP</sku>
        <quantity>5600</quantity>
        <unit>szt</unit>
        <price>0.22</price>
      </item>
    </items>
  </invoice>
</commerceinfo>