﻿<?xml version="1.0" encoding="utf-8"?>
<commerceinfo version="2.04" ctime="2024-04-26">
  <invoice>
    <docType>incomingInvoice</docType>
    <no>FSE-113/02/24 TEST</no>
    <date>19-02-2024</date>
    <time>16-27-52</time>
    <discount>null</discount>
    <customer>
      <id>5512384957</id>
      <name>Pawbol S.A.</name>
    </customer>
    <items>
      <item>
        <sku>6160-25</sku>
        <quantity>950</quantity>
        <unit>mb</unit>
        <price>0.10</price>
      </item>
      <item>
        <sku>6160-50</sku>
        <quantity>12600</quantity>
        <unit>mb</unit>
        <price>0.10</price>
      </item>
      <item>
        <sku>6161A-15</sku>
        <quantity>1650</quantity>
        <unit>mb</unit>
        <price>0.1270</price>
      </item>
      <item>
        <sku>6161A-25</sku>
        <quantity>13750</quantity>
        <unit>mb</unit>
        <price>0.11</price>
      </item>
      <item>
        <sku>6161A-50</sku>
        <quantity>3000</quantity>
        <unit>mb</unit>
        <price>0.11</price>
      </item>
      <item>
        <sku>6163A-25</sku>
        <quantity>3000</quantity>
        <unit>mb</unit>
        <price>0.17</price>
      </item>
      <item>
        <sku>6163A-50</sku>
        <quantity>1300</quantity>
        <unit>mb</unit>
        <price>0.17</price>
      </item>
      <item>
        <sku>PALETA EURO</sku>
        <quantity>13</quantity>
        <unit>szt</unit>
        <price>19.00</price>
      </item>
    </items>
  </invoice>
</commerceinfo>