﻿<?xml version="1.0" encoding="utf-8"?>
<commerceinfo version="2.04" ctime="2024-04-26">
  <invoice>
    <docType>incomingInvoice</docType>
    <no>FSE-154/03/24 TEST</no>
    <date>25-03-2024</date>
    <time>16-28-47</time>
    <discount>null</discount>
    <customer>
      <id>5512384957</id>
      <name>Pawbol S.A.</name>
    </customer>
    <items>
      <item>
        <sku>K.2515C</sku>
        <quantity>180</quantity>
        <unit>mb</unit>
        <price>0.55</price>
      </item>
      <item>
        <sku>K.4025C</sku>
        <quantity>100</quantity>
        <unit>mb</unit>
        <price>0.89</price>
      </item>
    </items>
  </invoice>
</commerceinfo>