﻿<?xml version="1.0" encoding="utf-8"?>
<commerceinfo version="2.04" ctime="2024-04-26">
  <invoice>
    <docType>incomingInvoice</docType>
    <no>FSE-156/03/24 TEST</no>
    <date>25-03-2024</date>
    <time>16-29-17</time>
    <discount>null</discount>
    <customer>
      <id>5512384957</id>
      <name>Pawbol S.A.</name>
    </customer>
    <items>
      <item>
        <sku>D.3156S</sku>
        <quantity>20</quantity>
        <unit>szt</unit>
        <price>4.12</price>
      </item>
      <item>
        <sku>E.4105</sku>
        <quantity>20</quantity>
        <unit>szt</unit>
        <price>0.84</price>
      </item>
      <item>
        <sku>A.0061</sku>
        <quantity>450</quantity>
        <unit>szt</unit>
        <price>0.10</price>
      </item>
      <item>
        <sku>D.3159/2-S</sku>
        <quantity>40</quantity>
        <unit>szt</unit>
        <price>3.88</price>
      </item>
      <item>
        <sku>E.4102</sku>
        <quantity>55</quantity>
        <unit>szt</unit>
        <price>6.49</price>
      </item>
      <item>
        <sku>B.1058</sku>
        <quantity>12</quantity>
        <unit>szt</unit>
        <price>2.47</price>
      </item>
      <item>
        <sku>A.0018C</sku>
        <quantity>100</quantity>
        <unit>szt</unit>
        <price>0.65</price>
      </item>
      <item>
        <sku>OL 10004</sku>
        <quantity>3</quantity>
        <unit>szt</unit>
        <price>0.77</price>
      </item>
      <item>
        <sku>D.3005B</sku>
        <quantity>440</quantity>
        <unit>szt</unit>
        <price>0.27</price>
      </item>
      <item>
        <sku>A.0048P</sku>
        <quantity>114</quantity>
        <unit>szt</unit>
        <price>1.84</price>
      </item>
      <item>
        <sku>A.0008</sku>
        <quantity>770</quantity>
        <unit>szt</unit>
        <price>0.25</price>
      </item>
      <item>
        <sku>C.2066</sku>
        <quantity>18</quantity>
        <unit>szt</unit>
        <price>1.11</price>
      </item>
      <item>
        <sku>C.2069</sku>
        <quantity>48</quantity>
        <unit>szt</unit>
        <price>2.80</price>
      </item>
      <item>
        <sku>C.2017</sku>
        <quantity>6</quantity>
        <unit>szt</unit>
        <price>3.04</price>
      </item>
      <item>
        <sku>S-BOX 036BO</sku>
        <quantity>110</quantity>
        <unit>szt</unit>
        <price>0.47</price>
      </item>
      <item>
        <sku>S-BOX 306</sku>
        <quantity>325</quantity>
        <unit>szt</unit>
        <price>1.57</price>
      </item>
      <item>
        <sku>A.0020BR</sku>
        <quantity>10</quantity>
        <unit>szt</unit>
        <price>0.97</price>
      </item>
      <item>
        <sku>A.0064</sku>
        <quantity>450</quantity>
        <unit>szt</unit>
        <price>0.45</price>
      </item>
      <item>
        <sku>B.1091-S</sku>
        <quantity>3</quantity>
        <unit>szt</unit>
        <price>6.70</price>
      </item>
      <item>
        <sku>B.1090-S</sku>
        <quantity>1</quantity>
        <unit>szt</unit>
        <price>7.76</price>
      </item>
      <item>
        <sku>B.1602-S</sku>
        <quantity>2</quantity>
        <unit>szt</unit>
        <price>8.81</price>
      </item>
      <item>
        <sku>B.SLIM-6S-14-S</sku>
        <quantity>4</quantity>
        <unit>szt</unit>
        <price>22.12</price>
      </item>
      <item>
        <sku>A.0044LA</sku>
        <quantity>110</quantity>
        <unit>szt</unit>
        <price>0.34</price>
      </item>
      <item>
        <sku>A.0010A</sku>
        <quantity>350</quantity>
        <unit>szt</unit>
        <price>0.61</price>
      </item>
      <item>
        <sku>A.0041PG</sku>
        <quantity>160</quantity>
        <unit>szt</unit>
        <price>0.84</price>
      </item>
      <item>
        <sku>A.0081K</sku>
        <quantity>110</quantity>
        <unit>szt</unit>
        <price>0.34</price>
      </item>
      <item>
        <sku>D.3153S</sku>
        <quantity>10</quantity>
        <unit>szt</unit>
        <price>0.92</price>
      </item>
      <item>
        <sku>C.14536</sku>
        <quantity>12</quantity>
        <unit>szt</unit>
        <price>26.52</price>
      </item>
      <item>
        <sku>C.14508</sku>
        <quantity>20</quantity>
        <unit>szt</unit>
        <price>8.10</price>
      </item>
      <item>
        <sku>S-BOX 036O</sku>
        <quantity>80</quantity>
        <unit>szt</unit>
        <price>0.48</price>
      </item>
      <item>
        <sku>S-BOX 036</sku>
        <quantity>110</quantity>
        <unit>szt</unit>
        <price>0.48</price>
      </item>
      <item>
        <sku>S-BOX 516CZ</sku>
        <quantity>30</quantity>
        <unit>szt</unit>
        <price>3.30</price>
      </item>
      <item>
        <sku>S-BOX 716</sku>
        <quantity>3</quantity>
        <unit>szt</unit>
        <price>11.48</price>
      </item>
      <item>
        <sku>R.8181</sku>
        <quantity>100</quantity>
        <unit>szt</unit>
        <price>1.00</price>
      </item>
      <item>
        <sku>R.8182</sku>
        <quantity>60</quantity>
        <unit>szt</unit>
        <price>1.22</price>
      </item>
      <item>
        <sku>R.8183</sku>
        <quantity>30</quantity>
        <unit>szt</unit>
        <price>1.50</price>
      </item>
      <item>
        <sku>D.3213SBRGW/1</sku>
        <quantity>42</quantity>
        <unit>szt</unit>
        <price>2.53</price>
      </item>
      <item>
        <sku>D.3613SSGW/1</sku>
        <quantity>48</quantity>
        <unit>szt</unit>
        <price>2.53</price>
      </item>
      <item>
        <sku>D.3110WK</sku>
        <quantity>12</quantity>
        <unit>szt</unit>
        <price>1.91</price>
      </item>
      <item>
        <sku>D.3110WS</sku>
        <quantity>60</quantity>
        <unit>szt</unit>
        <price>1.31</price>
      </item>
      <item>
        <sku>D.3210WS</sku>
        <quantity>108</quantity>
        <unit>szt</unit>
        <price>1.31</price>
      </item>
      <item>
        <sku>D.3610WS</sku>
        <quantity>132</quantity>
        <unit>szt</unit>
        <price>1.29</price>
      </item>
      <item>
        <sku>D.3615SGGG/1</sku>
        <quantity>60</quantity>
        <unit>szt</unit>
        <price>3.35</price>
      </item>
      <item>
        <sku>D.3210W2</sku>
        <quantity>288</quantity>
        <unit>szt</unit>
        <price>1.36</price>
      </item>
      <item>
        <sku>D.3110W</sku>
        <quantity>72</quantity>
        <unit>szt</unit>
        <price>1.19</price>
      </item>
      <item>
        <sku>D.3110W2</sku>
        <quantity>60</quantity>
        <unit>szt</unit>
        <price>1.32</price>
      </item>
      <item>
        <sku>D.3610WD</sku>
        <quantity>60</quantity>
        <unit>szt</unit>
        <price>1.29</price>
      </item>
      <item>
        <sku>E.4029</sku>
        <quantity>48</quantity>
        <unit>szt</unit>
        <price>5.11</price>
      </item>
      <item>
        <sku>A.0010P</sku>
        <quantity>1350</quantity>
        <unit>szt</unit>
        <price>0.46</price>
      </item>
      <item>
        <sku>B.1701R-S</sku>
        <quantity>38</quantity>
        <unit>szt</unit>
        <price>16.74</price>
      </item>
      <item>
        <sku>B.1100-02-S</sku>
        <quantity>40</quantity>
        <unit>szt</unit>
        <price>17.47</price>
      </item>
      <item>
        <sku>B.165/1/01-S</sku>
        <quantity>4</quantity>
        <unit>szt</unit>
        <price>10.37</price>
      </item>
      <item>
        <sku>B.SLIM-6S-3-S</sku>
        <quantity>6</quantity>
        <unit>szt</unit>
        <price>16.40</price>
      </item>
      <item>
        <sku>B.MINI-3S</sku>
        <quantity>22</quantity>
        <unit>szt</unit>
        <price>11.91</price>
      </item>
      <item>
        <sku>B.MINI-1</sku>
        <quantity>18</quantity>
        <unit>szt</unit>
        <price>12.49</price>
      </item>
      <item>
        <sku>B.MINI-2</sku>
        <quantity>8</quantity>
        <unit>szt</unit>
        <price>15.13</price>
      </item>
      <item>
        <sku>S-BOX 406</sku>
        <quantity>75</quantity>
        <unit>szt</unit>
        <price>2.44</price>
      </item>
      <item>
        <sku>S-BOX 606</sku>
        <quantity>40</quantity>
        <unit>szt</unit>
        <price>7.80</price>
      </item>
      <item>
        <sku>R.8067</sku>
        <quantity>7</quantity>
        <unit>szt</unit>
        <price>0.91</price>
      </item>
      <item>
        <sku>S-BOX 106</sku>
        <quantity>288</quantity>
        <unit>szt</unit>
        <price>0.76</price>
      </item>
    </items>
  </invoice>
</commerceinfo>