﻿<?xml version="1.0" encoding="utf-8"?>
<commerceinfo version="2.04" ctime="2024-03-11">
  <invoice>
    <date>11-03-2024</date>
    <no>BN-4060228 Zviedru iela 6</no>
    <time>10-35-04</time>
    <shipping_date>20-03-2024</shipping_date>
    <shipping_metod>2</shipping_metod>
    <priority_star>green_star</priority_star>
    <projectID>0045</projectID>
    <customer>
      <id>40003494995</id>
      <name>KURŠI SIA</name>
      <address_depiction>0000000000005</address_depiction>
      <email>rekini@kurshi.lv</email>
    </customer>
    <items>
      <item>
        <sku>B.1701R-S</sku>
        <ean>5901350806500</ean>
        <quantity>1</quantity>
        <unit>gab.</unit>
      </item>
      <item>
        <sku>SB6L3PB16</sku>
        <ean>4751033954254</ean>
        <quantity>8</quantity>
        <unit>gab.</unit>
      </item>
      <item>
        <sku>C.2067</sku>
        <ean>5905793088011</ean>
        <quantity>9</quantity>
        <unit>gab.</unit>
      </item>
      <item>
        <sku>ENC04FTR</sku>
        <ean>4752255016140</ean>
        <quantity>2</quantity>
        <unit>gab.</unit>
      </item>
      <item>
        <sku>ENC12FTR</sku>
        <ean>4752255016171</ean>
        <quantity>2</quantity>
        <unit>gab.</unit>
      </item>
      <item>
        <sku>S-BOX 036BO</sku>
        <ean>5901350809600</ean>
        <quantity>20</quantity>
        <unit>gab.</unit>
      </item>
      <item>
        <sku>A.0047P</sku>
        <ean>5908289626070</ean>
        <quantity>12</quantity>
        <unit>gab.</unit>
      </item>
    </items>
  </invoice>
</commerceinfo>