﻿<?xml version="1.0" encoding="utf-8"?>
<commerceinfo version="2.04" ctime="2024-03-11">
  <invoice>
    <date>11-03-2024</date>
    <no>BN-4060392 Kurzemes prospekts 3/korp.1</no>
    <time>10-35-07</time>
    <shipping_date>20-03-2024</shipping_date>
    <shipping_metod>2</shipping_metod>
    <priority_star>green_star</priority_star>
    <projectID>0045</projectID>
    <customer>
      <id>40003494995</id>
      <name>KURŠI SIA</name>
      <address_depiction>0000000000005</address_depiction>
      <email>rekini@kurshi.lv</email>
    </customer>
    <items>
      <item>
        <sku>DL1253P040</sku>
        <ean>4751033954940</ean>
        <quantity>8</quantity>
        <unit>gab.</unit>
      </item>
      <item>
        <sku>085334-9-4</sku>
        <ean>4751033952090</ean>
        <quantity>15</quantity>
        <unit>gab.</unit>
      </item>
      <item>
        <sku>ENC08FTR</sku>
        <ean>4752255016164</ean>
        <quantity>2</quantity>
        <unit>gab.</unit>
      </item>
    </items>
  </invoice>
</commerceinfo>