﻿<?xml version="1.0" encoding="utf-8"?>
<commerceinfo version="2.04" ctime="2024-03-11">
  <invoice>
    <date>11-03-2024</date>
    <no>BN-4060389 Rūpniecības iela 16</no>
    <time>10-35-06</time>
    <shipping_date>20-03-2024</shipping_date>
    <shipping_metod>2</shipping_metod>
    <priority_star>green_star</priority_star>
    <projectID>0045</projectID>
    <customer>
      <id>40003494995</id>
      <name>KURŠI SIA</name>
      <address_depiction>0000000000005</address_depiction>
      <email>rekini@kurshi.lv</email>
    </customer>
    <items>
      <item>
        <sku>SB6L3PC20</sku>
        <ean>4751033953974</ean>
        <quantity>8</quantity>
        <unit>gab.</unit>
      </item>
      <item>
        <sku>SE230VAC</sku>
        <ean>4751033955053</ean>
        <quantity>5</quantity>
        <unit>gab.</unit>
      </item>
      <item>
        <sku>DR750200</sku>
        <ean>4752255014375</ean>
        <quantity>20</quantity>
        <unit>gab.</unit>
      </item>
      <item>
        <sku>A.0063</sku>
        <ean>5907484330393</ean>
        <quantity>90</quantity>
        <unit>gab.</unit>
      </item>
    </items>
  </invoice>
</commerceinfo>