﻿<?xml version="1.0" encoding="utf-8"?>
<commerceinfo version="2.04" ctime="2024-03-11">
  <invoice>
    <date>11-03-2024</date>
    <no>BN-4060310 Venstpils šoseja 70</no>
    <time>10-35-06</time>
    <shipping_date>20-03-2024</shipping_date>
    <shipping_metod>2</shipping_metod>
    <priority_star>green_star</priority_star>
    <projectID>0045</projectID>
    <customer>
      <id>40003494995</id>
      <name>KURŠI SIA</name>
      <address_depiction>0000000000005</address_depiction>
      <email>rekini@kurshi.lv</email>
    </customer>
    <items>
      <item>
        <sku>A.0041PG</sku>
        <ean>5908289628548</ean>
        <quantity>40</quantity>
        <unit>gab.</unit>
      </item>
      <item>
        <sku>SB6L3PB16</sku>
        <ean>4751033954254</ean>
        <quantity>8</quantity>
        <unit>gab.</unit>
      </item>
      <item>
        <sku>ENC04FTR</sku>
        <ean>4752255016140</ean>
        <quantity>4</quantity>
        <unit>gab.</unit>
      </item>
    </items>
  </invoice>
</commerceinfo>