﻿<?xml version="1.0" encoding="utf-8"?>
<commerceinfo version="2.04" ctime="2024-03-11">
  <invoice>
    <date>11-03-2024</date>
    <no>BN-4060395 Rūpniecības iela 22a</no>
    <time>10-35-08</time>
    <shipping_date>20-03-2024</shipping_date>
    <shipping_metod>2</shipping_metod>
    <priority_star>green_star</priority_star>
    <projectID>0045</projectID>
    <customer>
      <id>40003494995</id>
      <name>KURŠI SIA</name>
      <address_depiction>0000000000005</address_depiction>
      <email>rekini@kurshi.lv</email>
    </customer>
    <items>
      <item>
        <sku>ENC02FTR</sku>
        <ean>4752255016133</ean>
        <quantity>1</quantity>
        <unit>gab.</unit>
      </item>
      <item>
        <sku>ENC04FTR</sku>
        <ean>4752255016140</ean>
        <quantity>1</quantity>
        <unit>gab.</unit>
      </item>
      <item>
        <sku>ENC06FTR</sku>
        <ean>4752255016157</ean>
        <quantity>1</quantity>
        <unit>gab.</unit>
      </item>
      <item>
        <sku>ENC12FTR</sku>
        <ean>4752255016171</ean>
        <quantity>2</quantity>
        <unit>gab.</unit>
      </item>
      <item>
        <sku>S-BOX 106</sku>
        <ean>5907484330515</ean>
        <quantity>48</quantity>
        <unit>gab.</unit>
      </item>
      <item>
        <sku>null</sku>
        <ean>5908793101094</ean>
        <quantity>10</quantity>
        <unit>gab.</unit>
      </item>
    </items>
  </invoice>
</commerceinfo>