﻿<?xml version="1.0" encoding="utf-8"?>
<commerceinfo version="2.04" ctime="2023-12-06">
  <invoice>
    <date>06-12-2023</date>
    <no>BN-3811229 Pionieru iela 2</no>
    <time>16-12-22</time>
    <shipping_date>01-01-01</shipping_date>
    <shipping_metod>2</shipping_metod>
    <priority_star>green_star</priority_star>
    <projectID>0045</projectID>
    <customer>
      <id>40003494995</id>
      <name>KURŠI SIA</name>
      <address_depiction>0000000000005</address_depiction>
      <email>rekini@kurshi.lv</email>
    </customer>
    <items>
      <item>
        <sku>A.0041PG</sku>
        <ean>5908289628548</ean>
        <quantity>42</quantity>
      </item>
      <item>
        <sku>C.2072</sku>
        <ean>5901350807439</ean>
        <quantity>1</quantity>
      </item>
      <item>
        <sku>ENC06FTR</sku>
        <ean>4752255016157</ean>
        <quantity>1</quantity>
      </item>
      <item>
        <sku>A.0064</sku>
        <ean>5901350818336</ean>
        <quantity>30</quantity>
      </item>
      <item>
        <sku>S-BOX 036BO</sku>
        <ean>5901350809600</ean>
        <quantity>30</quantity>
      </item>
      <item>
        <sku>A.0063</sku>
        <ean>5907484330393</ean>
        <quantity>18</quantity>
      </item>
    </items>
  </invoice>
</commerceinfo>