﻿<?xml version="1.0" encoding="utf-8"?>
<commerceinfo version="2.04" ctime="2024-04-28">
  <invoice>
    <docType>incomingInvoice</docType>
    <no>884636 TEST2</no>
    <UiPath>1</UiPath>
    <date>04-04-2024</date>
    <time>23-09-48</time>
    <discount>null</discount>
    <customer>
      <id>8870000206</id>
      <name>LEGRAND POLSKA Spolka z o.o.</name>
    </customer>
    <items>
      <item>
        <sku>754133</sku>
        <quantity>5</quantity>
        <unit>SZ</unit>
        <price>3.403</price>
      </item>
      <item>
        <sku>752201</sku>
        <quantity>87</quantity>
        <unit>SZ</unit>
        <price>1.144</price>
      </item>
      <item>
        <sku>754891</sku>
        <quantity>3</quantity>
        <unit>SZ</unit>
        <price>0.992</price>
      </item>
      <item>
        <sku>023921</sku>
        <quantity>1</quantity>
        <unit>SZ</unit>
        <price>2.919</price>
      </item>
      <item>
        <sku>022901</sku>
        <quantity>24</quantity>
        <unit>SZ</unit>
        <price>0.478</price>
      </item>
      <item>
        <sku>419136</sku>
        <quantity>214</quantity>
        <unit>SZ</unit>
        <price>1.299</price>
      </item>
      <item>
        <sku>754315</sku>
        <quantity>3</quantity>
        <unit>SZ</unit>
        <price>3.639</price>
      </item>
      <item>
        <sku>752046</sku>
        <quantity>1</quantity>
        <unit>SZ</unit>
        <price>0.832</price>
      </item>
      <item>
        <sku>755038</sku>
        <quantity>1</quantity>
        <unit>SZ</unit>
        <price>6.802</price>
      </item>
      <item>
        <sku>755209</sku>
        <quantity>2</quantity>
        <unit>SZ</unit>
        <price>1.222</price>
      </item>
      <item>
        <sku>755543</sku>
        <quantity>2</quantity>
        <unit>SZ</unit>
        <price>50.556</price>
      </item>
      <item>
        <sku>755544</sku>
        <quantity>1</quantity>
        <unit>SZ</unit>
        <price>63.471</price>
      </item>
      <item>
        <sku>755021</sku>
        <quantity>70</quantity>
        <unit>SZ</unit>
        <price>0.438</price>
      </item>
      <item>
        <sku>756952</sku>
        <quantity>4</quantity>
        <unit>SZ</unit>
        <price>2.315</price>
      </item>
      <item>
        <sku>069606L</sku>
        <quantity>50</quantity>
        <unit>SZ</unit>
        <price>2.11</price>
      </item>
      <item>
        <sku>069801L</sku>
        <quantity>20</quantity>
        <unit>SZ</unit>
        <price>3.32</price>
      </item>
      <item>
        <sku>069761L</sku>
        <quantity>50</quantity>
        <unit>SZ</unit>
        <price>5.05</price>
      </item>
      <item>
        <sku>069601L</sku>
        <quantity>10</quantity>
        <unit>SZ</unit>
        <price>1.38</price>
      </item>
      <item>
        <sku>069879L</sku>
        <quantity>30</quantity>
        <unit>SZ</unit>
        <price>7.73</price>
      </item>
      <item>
        <sku>069805L</sku>
        <quantity>10</quantity>
        <unit>SZ</unit>
        <price>7.2</price>
      </item>
      <item>
        <sku>069775L</sku>
        <quantity>20</quantity>
        <unit>SZ</unit>
        <price>8.2</price>
      </item>
      <item>
        <sku>069607L</sku>
        <quantity>20</quantity>
        <unit>SZ</unit>
        <price>4.21</price>
      </item>
      <item>
        <sku>069602L</sku>
        <quantity>50</quantity>
        <unit>SZ</unit>
        <price>4.5</price>
      </item>
      <item>
        <sku>069603L</sku>
        <quantity>5</quantity>
        <unit>SZ</unit>
        <price>8.3</price>
      </item>
      <item>
        <sku>069608L</sku>
        <quantity>5</quantity>
        <unit>SZ</unit>
        <price>7.3</price>
      </item>
      <item>
        <sku>069790L</sku>
        <quantity>10</quantity>
        <unit>SZ</unit>
        <price>5.16</price>
      </item>
      <item>
        <sku>069782L</sku>
        <quantity>5</quantity>
        <unit>SZ</unit>
        <price>7.14</price>
      </item>
      <item>
        <sku>069783L</sku>
        <quantity>100</quantity>
        <unit>SZ</unit>
        <price>6.12</price>
      </item>
      <item>
        <sku>069799L</sku>
        <quantity>100</quantity>
        <unit>SZ</unit>
        <price>5.192</price>
      </item>
      <item>
        <sku>069871L</sku>
        <quantity>70</quantity>
        <unit>SZ</unit>
        <price>3.36</price>
      </item>
      <item>
        <sku>010952</sku>
        <quantity>4</quantity>
        <unit>SZ</unit>
        <price>1.61</price>
      </item>
      <item>
        <sku>010954</sku>
        <quantity>3</quantity>
        <unit>SZ</unit>
        <price>1.843</price>
      </item>
      <item>
        <sku>010956</sku>
        <quantity>16</quantity>
        <unit>SZ</unit>
        <price>1.67</price>
      </item>
      <item>
        <sku>078778</sku>
        <quantity>2</quantity>
        <unit>SZ</unit>
        <price>38.015</price>
      </item>
      <item>
        <sku>010703</sku>
        <quantity>20</quantity>
        <unit>SZ</unit>
        <price>2.793</price>
      </item>
      <item>
        <sku>412545</sku>
        <quantity>10</quantity>
        <unit>SZ</unit>
        <price>11.579</price>
      </item>
      <item>
        <sku>001922</sku>
        <quantity>15</quantity>
        <unit>SZ</unit>
        <price>28.014</price>
      </item>
      <item>
        <sku>092052</sku>
        <quantity>200</quantity>
        <unit>SZ</unit>
        <price>2.934</price>
      </item>
      <item>
        <sku>412553</sku>
        <quantity>10</quantity>
        <unit>SZ</unit>
        <price>15.825</price>
      </item>
      <item>
        <sku>412641</sku>
        <quantity>15</quantity>
        <unit>SZ</unit>
        <price>34.796</price>
      </item>
      <item>
        <sku>001923</sku>
        <quantity>1</quantity>
        <unit>SZ</unit>
        <price>38.529</price>
      </item>
      <item>
        <sku>400408</sku>
        <quantity>108</quantity>
        <unit>SZ</unit>
        <price>6.474</price>
      </item>
      <item>
        <sku>076561</sku>
        <quantity>398</quantity>
        <unit>SZ</unit>
        <price>1.296</price>
      </item>
      <item>
        <sku>412523</sku>
        <quantity>500</quantity>
        <unit>SZ</unit>
        <price>5.026</price>
      </item>
      <item>
        <sku>412626</sku>
        <quantity>15</quantity>
        <unit>SZ</unit>
        <price>51.515</price>
      </item>
      <item>
        <sku>092012</sku>
        <quantity>1800</quantity>
        <unit>SZ</unit>
        <price>0.624</price>
      </item>
    </items>
  </invoice>
</commerceinfo>