﻿<?xml version="1.0" encoding="utf-8"?>
<commerceinfo version="2.04" ctime="2024-04-28">
  <invoice>
    <docType>incomingInvoice</docType>
    <no>885977 TEST2</no>
    <UiPath>1</UiPath>
    <date>15-04-2024</date>
    <time>23-09-48</time>
    <discount>null</discount>
    <customer>
      <id>8870000206</id>
      <name>LEGRAND POLSKA Spolka z o.o.</name>
    </customer>
    <items>
      <item>
        <sku>055849</sku>
        <quantity>100</quantity>
        <unit>SZ</unit>
        <price>1.169</price>
      </item>
      <item>
        <sku>055849</sku>
        <quantity>55</quantity>
        <unit>SZ</unit>
        <price>1.169</price>
      </item>
      <item>
        <sku>092001</sku>
        <quantity>39</quantity>
        <unit>SZ</unit>
        <price>0.507</price>
      </item>
      <item>
        <sku>010954</sku>
        <quantity>50</quantity>
        <unit>SZ</unit>
        <price>0.668</price>
      </item>
      <item>
        <sku>078778</sku>
        <quantity>15</quantity>
        <unit>SZ</unit>
        <price>5.259</price>
      </item>
      <item>
        <sku>078854L</sku>
        <quantity>10</quantity>
        <unit>SZ</unit>
        <price>1.912</price>
      </item>
      <item>
        <sku>091657</sku>
        <quantity>20</quantity>
        <unit>SZ</unit>
        <price>14.572</price>
      </item>
      <item>
        <sku>001306</sku>
        <quantity>10</quantity>
        <unit>SZ</unit>
        <price>2.147</price>
      </item>
      <item>
        <sku>001921</sku>
        <quantity>21</quantity>
        <unit>SZ</unit>
        <price>18.381</price>
      </item>
      <item>
        <sku>004850</sku>
        <quantity>512</quantity>
        <unit>SZ</unit>
        <price>0.467</price>
      </item>
      <item>
        <sku>010952</sku>
        <quantity>240</quantity>
        <unit>SZ</unit>
        <price>0.617</price>
      </item>
      <item>
        <sku>010958</sku>
        <quantity>50</quantity>
        <unit>SZ</unit>
        <price>1.91</price>
      </item>
      <item>
        <sku>039598</sku>
        <quantity>30</quantity>
        <unit>SZ</unit>
        <price>0.588</price>
      </item>
      <item>
        <sku>066703</sku>
        <quantity>28</quantity>
        <unit>SZ</unit>
        <price>3.167</price>
      </item>
      <item>
        <sku>067082</sku>
        <quantity>8</quantity>
        <unit>SZ</unit>
        <price>10.307</price>
      </item>
      <item>
        <sku>068902</sku>
        <quantity>40</quantity>
        <unit>SZ</unit>
        <price>1.906</price>
      </item>
      <item>
        <sku>068981</sku>
        <quantity>50</quantity>
        <unit>SZ</unit>
        <price>2.674</price>
      </item>
      <item>
        <sku>069563</sku>
        <quantity>60</quantity>
        <unit>SZ</unit>
        <price>5</price>
      </item>
      <item>
        <sku>076555</sku>
        <quantity>2</quantity>
        <unit>SZ</unit>
        <price>1.799</price>
      </item>
      <item>
        <sku>076561</sku>
        <quantity>200</quantity>
        <unit>SZ</unit>
        <price>1.435</price>
      </item>
      <item>
        <sku>076565</sku>
        <quantity>400</quantity>
        <unit>SZ</unit>
        <price>1.8</price>
      </item>
      <item>
        <sku>076573</sku>
        <quantity>160</quantity>
        <unit>SZ</unit>
        <price>2.56</price>
      </item>
      <item>
        <sku>078782</sku>
        <quantity>30</quantity>
        <unit>SZ</unit>
        <price>1.85</price>
      </item>
      <item>
        <sku>092012</sku>
        <quantity>70</quantity>
        <unit>SZ</unit>
        <price>0.667</price>
      </item>
      <item>
        <sku>092022</sku>
        <quantity>30</quantity>
        <unit>SZ</unit>
        <price>1.177</price>
      </item>
      <item>
        <sku>092052</sku>
        <quantity>100</quantity>
        <unit>SZ</unit>
        <price>3.037</price>
      </item>
      <item>
        <sku>401244</sku>
        <quantity>15</quantity>
        <unit>SZ</unit>
        <price>7.989</price>
      </item>
      <item>
        <sku>411556</sku>
        <quantity>24</quantity>
        <unit>SZ</unit>
        <price>17.399</price>
      </item>
      <item>
        <sku>412523</sku>
        <quantity>10</quantity>
        <unit>SZ</unit>
        <price>5.017</price>
      </item>
      <item>
        <sku>412541</sku>
        <quantity>12</quantity>
        <unit>SZ</unit>
        <price>16.56</price>
      </item>
    </items>
  </invoice>
</commerceinfo>