﻿<?xml version="1.0" encoding="utf-8"?>
<commerceinfo version="2.04" ctime="2024-04-28">
  <invoice>
    <docType>incomingInvoice</docType>
    <no>882621 TEST2</no>
    <UiPath>1</UiPath>
    <date>22-03-2024</date>
    <time>23-09-48</time>
    <discount>null</discount>
    <customer>
      <id>8870000206</id>
      <name>LEGRAND POLSKA Spolka z o.o.</name>
    </customer>
    <items>
      <item>
        <sku>092001</sku>
        <quantity>5</quantity>
        <unit>SZ</unit>
        <price>0.493</price>
      </item>
      <item>
        <sku>039141</sku>
        <quantity>20</quantity>
        <unit>SZ</unit>
        <price>5.122</price>
      </item>
      <item>
        <sku>068212</sku>
        <quantity>69</quantity>
        <unit>SZ</unit>
        <price>0.833</price>
      </item>
      <item>
        <sku>068237</sku>
        <quantity>778</quantity>
        <unit>SZ</unit>
        <price>0.179</price>
      </item>
      <item>
        <sku>069211</sku>
        <quantity>17</quantity>
        <unit>SZ</unit>
        <price>7.643</price>
      </item>
      <item>
        <sku>010958</sku>
        <quantity>90</quantity>
        <unit>SZ</unit>
        <price>1.78</price>
      </item>
      <item>
        <sku>067601</sku>
        <quantity>160</quantity>
        <unit>SZ</unit>
        <price>2.834</price>
      </item>
      <item>
        <sku>067685</sku>
        <quantity>246</quantity>
        <unit>SZ</unit>
        <price>0.989</price>
      </item>
      <item>
        <sku>067985</sku>
        <quantity>10</quantity>
        <unit>SZ</unit>
        <price>1.108</price>
      </item>
      <item>
        <sku>068112</sku>
        <quantity>61</quantity>
        <unit>SZ</unit>
        <price>0.196</price>
      </item>
      <item>
        <sku>068151</sku>
        <quantity>240</quantity>
        <unit>SZ</unit>
        <price>1.587</price>
      </item>
      <item>
        <sku>068237</sku>
        <quantity>700</quantity>
        <unit>SZ</unit>
        <price>0.179</price>
      </item>
      <item>
        <sku>068902</sku>
        <quantity>100</quantity>
        <unit>SZ</unit>
        <price>1.758</price>
      </item>
      <item>
        <sku>080021</sku>
        <quantity>2080</quantity>
        <unit>SZ</unit>
        <price>0.4</price>
      </item>
      <item>
        <sku>774138</sku>
        <quantity>20</quantity>
        <unit>SZ</unit>
        <price>2.851</price>
      </item>
      <item>
        <sku>774239</sku>
        <quantity>30</quantity>
        <unit>SZ</unit>
        <price>3.977</price>
      </item>
      <item>
        <sku>774301</sku>
        <quantity>150</quantity>
        <unit>SZ</unit>
        <price>1.165</price>
      </item>
      <item>
        <sku>774405</sku>
        <quantity>100</quantity>
        <unit>SZ</unit>
        <price>1.716</price>
      </item>
      <item>
        <sku>774451</sku>
        <quantity>2000</quantity>
        <unit>SZ</unit>
        <price>0.25</price>
      </item>
      <item>
        <sku>010954</sku>
        <quantity>173</quantity>
        <unit>SZ</unit>
        <price>0.659</price>
      </item>
      <item>
        <sku>066741</sku>
        <quantity>10</quantity>
        <unit>SZ</unit>
        <price>1.223</price>
      </item>
      <item>
        <sku>066743</sku>
        <quantity>5</quantity>
        <unit>SZ</unit>
        <price>3.125</price>
      </item>
      <item>
        <sku>067031</sku>
        <quantity>120</quantity>
        <unit>SZ</unit>
        <price>0.766</price>
      </item>
      <item>
        <sku>067465</sku>
        <quantity>3</quantity>
        <unit>SZ</unit>
        <price>13.29</price>
      </item>
      <item>
        <sku>068143</sku>
        <quantity>10</quantity>
        <unit>SZ</unit>
        <price>0.913</price>
      </item>
      <item>
        <sku>068282</sku>
        <quantity>10</quantity>
        <unit>SZ</unit>
        <price>0.182</price>
      </item>
      <item>
        <sku>068902</sku>
        <quantity>10</quantity>
        <unit>SZ</unit>
        <price>1.758</price>
      </item>
      <item>
        <sku>068971</sku>
        <quantity>10</quantity>
        <unit>SZ</unit>
        <price>1.281</price>
      </item>
      <item>
        <sku>068983</sku>
        <quantity>12</quantity>
        <unit>SZ</unit>
        <price>7.108</price>
      </item>
      <item>
        <sku>069562</sku>
        <quantity>50</quantity>
        <unit>SZ</unit>
        <price>3.972</price>
      </item>
      <item>
        <sku>069831</sku>
        <quantity>10</quantity>
        <unit>SZ</unit>
        <price>3.12</price>
      </item>
      <item>
        <sku>076565</sku>
        <quantity>200</quantity>
        <unit>SZ</unit>
        <price>1.626</price>
      </item>
      <item>
        <sku>076573</sku>
        <quantity>50</quantity>
        <unit>SZ</unit>
        <price>2.451</price>
      </item>
      <item>
        <sku>080180</sku>
        <quantity>260</quantity>
        <unit>SZ</unit>
        <price>0.403</price>
      </item>
      <item>
        <sku>080182</sku>
        <quantity>6</quantity>
        <unit>SZ</unit>
        <price>0.818</price>
      </item>
      <item>
        <sku>092012</sku>
        <quantity>50</quantity>
        <unit>SZ</unit>
        <price>0.696</price>
      </item>
      <item>
        <sku>092022</sku>
        <quantity>75</quantity>
        <unit>SZ</unit>
        <price>1.063</price>
      </item>
      <item>
        <sku>092062</sku>
        <quantity>20</quantity>
        <unit>SZ</unit>
        <price>3.493</price>
      </item>
      <item>
        <sku>401334</sku>
        <quantity>4</quantity>
        <unit>SZ</unit>
        <price>9.026</price>
      </item>
      <item>
        <sku>411506</sku>
        <quantity>24</quantity>
        <unit>SZ</unit>
        <price>13.631</price>
      </item>
      <item>
        <sku>412523</sku>
        <quantity>10</quantity>
        <unit>SZ</unit>
        <price>5.026</price>
      </item>
      <item>
        <sku>092062</sku>
        <quantity>6</quantity>
        <unit>SZ</unit>
        <price>3.493</price>
      </item>
      <item>
        <sku>066632</sku>
        <quantity>100</quantity>
        <unit>SZ</unit>
        <price>0.655</price>
      </item>
      <item>
        <sku>067031</sku>
        <quantity>49</quantity>
        <unit>SZ</unit>
        <price>0.766</price>
      </item>
      <item>
        <sku>411505</sku>
        <quantity>24</quantity>
        <unit>SZ</unit>
        <price>11.853</price>
      </item>
      <item>
        <sku>004850</sku>
        <quantity>5</quantity>
        <unit>SZ</unit>
        <price>0.447</price>
      </item>
      <item>
        <sku>752211</sku>
        <quantity>1</quantity>
        <unit>SZ</unit>
        <price>1.336</price>
      </item>
      <item>
        <sku>092012</sku>
        <quantity>1000</quantity>
        <unit>SZ</unit>
        <price>0.696</price>
      </item>
      <item>
        <sku>068002</sku>
        <quantity>1</quantity>
        <unit>SZ</unit>
        <price>1.18</price>
      </item>
    </items>
  </invoice>
</commerceinfo>