﻿<?xml version="1.0" encoding="utf-8"?>
<commerceinfo version="2.04" ctime="2024-04-28">
  <invoice>
    <docType>incomingInvoice</docType>
    <no>877692 TEST2</no>
    <UiPath>1</UiPath>
    <date>19-02-2024</date>
    <time>23-09-46</time>
    <discount>null</discount>
    <customer>
      <id>8870000206</id>
      <name>LEGRAND POLSKA Spolka z o.o.</name>
    </customer>
    <items>
      <item>
        <sku>774400</sku>
        <quantity>10</quantity>
        <unit>SZ</unit>
        <price>2.915</price>
      </item>
      <item>
        <sku>666479</sku>
        <quantity>40</quantity>
        <unit>SZ</unit>
        <price>0.477</price>
      </item>
      <item>
        <sku>069711</sku>
        <quantity>10</quantity>
        <unit>SZ</unit>
        <price>3.297</price>
      </item>
      <item>
        <sku>774305</sku>
        <quantity>30</quantity>
        <unit>SZ</unit>
        <price>1.716</price>
      </item>
      <item>
        <sku>TRANSPORT-BALT</sku>
        <quantity>1</quantity>
        <unit>SZ</unit>
        <price>46</price>
      </item>
      <item>
        <sku>037103</sku>
        <quantity>480</quantity>
        <unit>SZ</unit>
        <price>0.544</price>
      </item>
      <item>
        <sku>782383</sku>
        <quantity>16</quantity>
        <unit>SZ</unit>
        <price>2.842</price>
      </item>
      <item>
        <sku>782374</sku>
        <quantity>5</quantity>
        <unit>SZ</unit>
        <price>5.077</price>
      </item>
      <item>
        <sku>386676</sku>
        <quantity>25</quantity>
        <unit>SZ</unit>
        <price>0.156</price>
      </item>
      <item>
        <sku>077252</sku>
        <quantity>55</quantity>
        <unit>SZ</unit>
        <price>3.53</price>
      </item>
      <item>
        <sku>764501</sku>
        <quantity>20</quantity>
        <unit>SZ</unit>
        <price>0.948</price>
      </item>
      <item>
        <sku>764504</sku>
        <quantity>10</quantity>
        <unit>SZ</unit>
        <price>3.19</price>
      </item>
      <item>
        <sku>764573</sku>
        <quantity>10</quantity>
        <unit>SZ</unit>
        <price>1.808</price>
      </item>
      <item>
        <sku>764574</sku>
        <quantity>10</quantity>
        <unit>SZ</unit>
        <price>3.115</price>
      </item>
      <item>
        <sku>665001</sku>
        <quantity>40</quantity>
        <unit>SZ</unit>
        <price>0.183</price>
      </item>
      <item>
        <sku>022902</sku>
        <quantity>40</quantity>
        <unit>SZ</unit>
        <price>0.926</price>
      </item>
      <item>
        <sku>069576</sku>
        <quantity>5</quantity>
        <unit>SZ</unit>
        <price>6.144</price>
      </item>
      <item>
        <sku>069733</sku>
        <quantity>10</quantity>
        <unit>SZ</unit>
        <price>4.134</price>
      </item>
      <item>
        <sku>069571</sku>
        <quantity>10</quantity>
        <unit>SZ</unit>
        <price>2.498</price>
      </item>
      <item>
        <sku>601982</sku>
        <quantity>16</quantity>
        <unit>SZ</unit>
        <price>24.105</price>
      </item>
      <item>
        <sku>080021</sku>
        <quantity>240</quantity>
        <unit>SZ</unit>
        <price>0.4</price>
      </item>
      <item>
        <sku>055427</sku>
        <quantity>10</quantity>
        <unit>SZ</unit>
        <price>9.205</price>
      </item>
      <item>
        <sku>406460</sku>
        <quantity>5</quantity>
        <unit>SZ</unit>
        <price>6.823</price>
      </item>
      <item>
        <sku>406469</sku>
        <quantity>5</quantity>
        <unit>SZ</unit>
        <price>9.689</price>
      </item>
      <item>
        <sku>419169</sku>
        <quantity>48</quantity>
        <unit>SZ</unit>
        <price>4.103</price>
      </item>
      <item>
        <sku>721120</sku>
        <quantity>1265</quantity>
        <unit>SZ</unit>
        <price>1.61</price>
      </item>
      <item>
        <sku>721306</sku>
        <quantity>98</quantity>
        <unit>SZ</unit>
        <price>2.45</price>
      </item>
      <item>
        <sku>721320</sku>
        <quantity>8</quantity>
        <unit>SZ</unit>
        <price>2.25</price>
      </item>
      <item>
        <sku>721511</sku>
        <quantity>110</quantity>
        <unit>SZ</unit>
        <price>0.956</price>
      </item>
      <item>
        <sku>721512</sku>
        <quantity>110</quantity>
        <unit>SZ</unit>
        <price>1.698</price>
      </item>
      <item>
        <sku>721513</sku>
        <quantity>20</quantity>
        <unit>SZ</unit>
        <price>2.808</price>
      </item>
      <item>
        <sku>721514</sku>
        <quantity>6</quantity>
        <unit>SZ</unit>
        <price>5.508</price>
      </item>
      <item>
        <sku>721515</sku>
        <quantity>5</quantity>
        <unit>SZ</unit>
        <price>6.603</price>
      </item>
      <item>
        <sku>721301</sku>
        <quantity>30</quantity>
        <unit>SZ</unit>
        <price>2.393</price>
      </item>
      <item>
        <sku>721123</sku>
        <quantity>70</quantity>
        <unit>SZ</unit>
        <price>3.079</price>
      </item>
      <item>
        <sku>721152</sku>
        <quantity>10</quantity>
        <unit>SZ</unit>
        <price>5.377</price>
      </item>
      <item>
        <sku>721153</sku>
        <quantity>10</quantity>
        <unit>SZ</unit>
        <price>8.065</price>
      </item>
      <item>
        <sku>721143</sku>
        <quantity>10</quantity>
        <unit>SZ</unit>
        <price>1.51</price>
      </item>
      <item>
        <sku>721179</sku>
        <quantity>5</quantity>
        <unit>SZ</unit>
        <price>17.687</price>
      </item>
      <item>
        <sku>721107</sku>
        <quantity>45</quantity>
        <unit>SZ</unit>
        <price>3.419</price>
      </item>
      <item>
        <sku>721501</sku>
        <quantity>240</quantity>
        <unit>SZ</unit>
        <price>0.365</price>
      </item>
      <item>
        <sku>721502</sku>
        <quantity>200</quantity>
        <unit>SZ</unit>
        <price>0.656</price>
      </item>
      <item>
        <sku>721503</sku>
        <quantity>60</quantity>
        <unit>SZ</unit>
        <price>1.02</price>
      </item>
      <item>
        <sku>721505</sku>
        <quantity>20</quantity>
        <unit>SZ</unit>
        <price>2.549</price>
      </item>
      <item>
        <sku>721101</sku>
        <quantity>360</quantity>
        <unit>SZ</unit>
        <price>1.59</price>
      </item>
      <item>
        <sku>721105</sku>
        <quantity>240</quantity>
        <unit>SZ</unit>
        <price>2.226</price>
      </item>
      <item>
        <sku>721109</sku>
        <quantity>30</quantity>
        <unit>SZ</unit>
        <price>2.564</price>
      </item>
      <item>
        <sku>721420</sku>
        <quantity>800</quantity>
        <unit>SZ</unit>
        <price>2.25</price>
      </item>
      <item>
        <sku>721423</sku>
        <quantity>10</quantity>
        <unit>SZ</unit>
        <price>4.308</price>
      </item>
      <item>
        <sku>721452</sku>
        <quantity>10</quantity>
        <unit>SZ</unit>
        <price>7.528</price>
      </item>
      <item>
        <sku>721453</sku>
        <quantity>5</quantity>
        <unit>SZ</unit>
        <price>9.62</price>
      </item>
      <item>
        <sku>721442</sku>
        <quantity>5</quantity>
        <unit>SZ</unit>
        <price>4.456</price>
      </item>
      <item>
        <sku>721443</sku>
        <quantity>10</quantity>
        <unit>SZ</unit>
        <price>2.476</price>
      </item>
      <item>
        <sku>721408</sku>
        <quantity>50</quantity>
        <unit>SZ</unit>
        <price>4.308</price>
      </item>
      <item>
        <sku>721521</sku>
        <quantity>210</quantity>
        <unit>SZ</unit>
        <price>0.943</price>
      </item>
      <item>
        <sku>721522</sku>
        <quantity>240</quantity>
        <unit>SZ</unit>
        <price>1.698</price>
      </item>
      <item>
        <sku>721523</sku>
        <quantity>135</quantity>
        <unit>SZ</unit>
        <price>2.7</price>
      </item>
      <item>
        <sku>721524</sku>
        <quantity>65</quantity>
        <unit>SZ</unit>
        <price>5.616</price>
      </item>
      <item>
        <sku>721401</sku>
        <quantity>100</quantity>
        <unit>SZ</unit>
        <price>2.393</price>
      </item>
      <item>
        <sku>721409</sku>
        <quantity>15</quantity>
        <unit>SZ</unit>
        <price>3.06</price>
      </item>
      <item>
        <sku>754880</sku>
        <quantity>3</quantity>
        <unit>SZ</unit>
        <price>0.64</price>
      </item>
      <item>
        <sku>755422</sku>
        <quantity>5</quantity>
        <unit>SZ</unit>
        <price>1.262</price>
      </item>
    </items>
  </invoice>
</commerceinfo>