﻿<?xml version="1.0" encoding="utf-8"?>
<commerceinfo version="2.04" ctime="2024-04-28">
  <invoice>
    <docType>incomingInvoice</docType>
    <no>881609 TEST2</no>
    <UiPath>1</UiPath>
    <date>15-03-2024</date>
    <time>23-09-47</time>
    <discount>null</discount>
    <customer>
      <id>8870000206</id>
      <name>LEGRAND POLSKA Spolka z o.o.</name>
    </customer>
    <items>
      <item>
        <sku>651619</sku>
        <quantity>185</quantity>
        <unit>SZ</unit>
        <price>0.55</price>
      </item>
      <item>
        <sku>092062</sku>
        <quantity>12</quantity>
        <unit>SZ</unit>
        <price>3.493</price>
      </item>
      <item>
        <sku>092062</sku>
        <quantity>30</quantity>
        <unit>SZ</unit>
        <price>3.493</price>
      </item>
      <item>
        <sku>419158</sku>
        <quantity>60</quantity>
        <unit>SZ</unit>
        <price>2.881</price>
      </item>
      <item>
        <sku>137156</sku>
        <quantity>13</quantity>
        <unit>SZ</unit>
        <price>6.889</price>
      </item>
      <item>
        <sku>135152</sku>
        <quantity>8</quantity>
        <unit>SZ</unit>
        <price>9.364</price>
      </item>
      <item>
        <sku>137157</sku>
        <quantity>12</quantity>
        <unit>SZ</unit>
        <price>13.876</price>
      </item>
      <item>
        <sku>137208</sku>
        <quantity>1</quantity>
        <unit>SZ</unit>
        <price>23.667</price>
      </item>
      <item>
        <sku>137209</sku>
        <quantity>2</quantity>
        <unit>SZ</unit>
        <price>30.223</price>
      </item>
      <item>
        <sku>419238</sku>
        <quantity>80</quantity>
        <unit>SZ</unit>
        <price>5.136</price>
      </item>
      <item>
        <sku>774139</sku>
        <quantity>10</quantity>
        <unit>SZ</unit>
        <price>4.009</price>
      </item>
      <item>
        <sku>412926</sku>
        <quantity>10</quantity>
        <unit>SZ</unit>
        <price>4.746</price>
      </item>
      <item>
        <sku>412536</sku>
        <quantity>2</quantity>
        <unit>SZ</unit>
        <price>20.38</price>
      </item>
      <item>
        <sku>651220</sku>
        <quantity>100</quantity>
        <unit>MB</unit>
        <price>0.268</price>
      </item>
      <item>
        <sku>782380</sku>
        <quantity>20</quantity>
        <unit>SZ</unit>
        <price>2.602</price>
      </item>
      <item>
        <sku>764629</sku>
        <quantity>180</quantity>
        <unit>SZ</unit>
        <price>1.186</price>
      </item>
      <item>
        <sku>023802</sku>
        <quantity>4</quantity>
        <unit>SZ</unit>
        <price>1.582</price>
      </item>
      <item>
        <sku>601988</sku>
        <quantity>1</quantity>
        <unit>SZ</unit>
        <price>80.466</price>
      </item>
      <item>
        <sku>069571</sku>
        <quantity>40</quantity>
        <unit>SZ</unit>
        <price>2.498</price>
      </item>
      <item>
        <sku>135161</sku>
        <quantity>5</quantity>
        <unit>SZ</unit>
        <price>8.258</price>
      </item>
      <item>
        <sku>135141</sku>
        <quantity>13</quantity>
        <unit>SZ</unit>
        <price>6.171</price>
      </item>
      <item>
        <sku>135151</sku>
        <quantity>25</quantity>
        <unit>SZ</unit>
        <price>6.171</price>
      </item>
      <item>
        <sku>134144</sku>
        <quantity>5</quantity>
        <unit>SZ</unit>
        <price>4.271</price>
      </item>
      <item>
        <sku>134154</sku>
        <quantity>4</quantity>
        <unit>SZ</unit>
        <price>4.146</price>
      </item>
      <item>
        <sku>134204</sku>
        <quantity>1</quantity>
        <unit>SZ</unit>
        <price>4.729</price>
      </item>
      <item>
        <sku>134166</sku>
        <quantity>5</quantity>
        <unit>SZ</unit>
        <price>6.701</price>
      </item>
      <item>
        <sku>134156</sku>
        <quantity>3</quantity>
        <unit>SZ</unit>
        <price>4.796</price>
      </item>
      <item>
        <sku>134168</sku>
        <quantity>11</quantity>
        <unit>SZ</unit>
        <price>7.205</price>
      </item>
      <item>
        <sku>134178</sku>
        <quantity>1</quantity>
        <unit>SZ</unit>
        <price>8.252</price>
      </item>
      <item>
        <sku>134218</sku>
        <quantity>10</quantity>
        <unit>SZ</unit>
        <price>7.316</price>
      </item>
      <item>
        <sku>135162</sku>
        <quantity>10</quantity>
        <unit>SZ</unit>
        <price>13.089</price>
      </item>
      <item>
        <sku>134208</sku>
        <quantity>10</quantity>
        <unit>SZ</unit>
        <price>6.935</price>
      </item>
      <item>
        <sku>135202</sku>
        <quantity>11</quantity>
        <unit>SZ</unit>
        <price>9.364</price>
      </item>
      <item>
        <sku>135212</sku>
        <quantity>8</quantity>
        <unit>SZ</unit>
        <price>9.364</price>
      </item>
      <item>
        <sku>135204</sku>
        <quantity>2</quantity>
        <unit>SZ</unit>
        <price>22.001</price>
      </item>
      <item>
        <sku>402074</sku>
        <quantity>3</quantity>
        <unit>SZ</unit>
        <price>18.688</price>
      </item>
      <item>
        <sku>402075</sku>
        <quantity>20</quantity>
        <unit>SZ</unit>
        <price>19.137</price>
      </item>
      <item>
        <sku>406401</sku>
        <quantity>3</quantity>
        <unit>SZ</unit>
        <price>4.864</price>
      </item>
      <item>
        <sku>406469</sku>
        <quantity>5</quantity>
        <unit>SZ</unit>
        <price>9.689</price>
      </item>
      <item>
        <sku>419134</sku>
        <quantity>144</quantity>
        <unit>SZ</unit>
        <price>1.429</price>
      </item>
      <item>
        <sku>419137</sku>
        <quantity>12</quantity>
        <unit>SZ</unit>
        <price>1.478</price>
      </item>
      <item>
        <sku>408664</sku>
        <quantity>2</quantity>
        <unit>SZ</unit>
        <price>72.813</price>
      </item>
      <item>
        <sku>419138</sku>
        <quantity>36</quantity>
        <unit>SZ</unit>
        <price>1.607</price>
      </item>
      <item>
        <sku>721524</sku>
        <quantity>15</quantity>
        <unit>SZ</unit>
        <price>5.616</price>
      </item>
      <item>
        <sku>001357</sku>
        <quantity>30</quantity>
        <unit>SZ</unit>
        <price>0.69</price>
      </item>
      <item>
        <sku>774420</sku>
        <quantity>200</quantity>
        <unit>SZ</unit>
        <price>2.291</price>
      </item>
      <item>
        <sku>774454</sku>
        <quantity>4</quantity>
        <unit>SZ</unit>
        <price>3.975</price>
      </item>
      <item>
        <sku>774320</sku>
        <quantity>160</quantity>
        <unit>SZ</unit>
        <price>2.291</price>
      </item>
      <item>
        <sku>037170</sku>
        <quantity>180</quantity>
        <unit>SZ</unit>
        <price>0.747</price>
      </item>
      <item>
        <sku>037161</sku>
        <quantity>200</quantity>
        <unit>SZ</unit>
        <price>0.233</price>
      </item>
      <item>
        <sku>037101</sku>
        <quantity>250</quantity>
        <unit>SZ</unit>
        <price>0.263</price>
      </item>
      <item>
        <sku>037163</sku>
        <quantity>90</quantity>
        <unit>SZ</unit>
        <price>0.516</price>
      </item>
      <item>
        <sku>752344</sku>
        <quantity>2</quantity>
        <unit>SZ</unit>
        <price>2.228</price>
      </item>
      <item>
        <sku>068981</sku>
        <quantity>2</quantity>
        <unit>SZ</unit>
        <price>2.465</price>
      </item>
      <item>
        <sku>068982</sku>
        <quantity>1</quantity>
        <unit>SZ</unit>
        <price>3.959</price>
      </item>
      <item>
        <sku>412527</sku>
        <quantity>3</quantity>
        <unit>SZ</unit>
        <price>11.445</price>
      </item>
      <item>
        <sku>412523</sku>
        <quantity>72</quantity>
        <unit>SZ</unit>
        <price>5.026</price>
      </item>
      <item>
        <sku>412400</sku>
        <quantity>33</quantity>
        <unit>SZ</unit>
        <price>12.276</price>
      </item>
      <item>
        <sku>408662</sku>
        <quantity>3</quantity>
        <unit>SZ</unit>
        <price>64.971</price>
      </item>
      <item>
        <sku>782373</sku>
        <quantity>30</quantity>
        <unit>SZ</unit>
        <price>2.503</price>
      </item>
      <item>
        <sku>089701</sku>
        <quantity>3</quantity>
        <unit>SZ</unit>
        <price>13.302</price>
      </item>
      <item>
        <sku>089710</sku>
        <quantity>10</quantity>
        <unit>SZ</unit>
        <price>16.814</price>
      </item>
      <item>
        <sku>089700</sku>
        <quantity>7</quantity>
        <unit>SZ</unit>
        <price>13.377</price>
      </item>
      <item>
        <sku>089702</sku>
        <quantity>11</quantity>
        <unit>SZ</unit>
        <price>25.951</price>
      </item>
      <item>
        <sku>077252</sku>
        <quantity>30</quantity>
        <unit>SZ</unit>
        <price>3.53</price>
      </item>
      <item>
        <sku>764506</sku>
        <quantity>20</quantity>
        <unit>SZ</unit>
        <price>1.243</price>
      </item>
      <item>
        <sku>764501</sku>
        <quantity>120</quantity>
        <unit>SZ</unit>
        <price>0.948</price>
      </item>
      <item>
        <sku>665002</sku>
        <quantity>70</quantity>
        <unit>SZ</unit>
        <price>0.52</price>
      </item>
      <item>
        <sku>764600</sku>
        <quantity>40</quantity>
        <unit>SZ</unit>
        <price>0.787</price>
      </item>
      <item>
        <sku>664874</sku>
        <quantity>10</quantity>
        <unit>SZ</unit>
        <price>5.04</price>
      </item>
      <item>
        <sku>665001</sku>
        <quantity>80</quantity>
        <unit>SZ</unit>
        <price>0.183</price>
      </item>
      <item>
        <sku>764500</sku>
        <quantity>100</quantity>
        <unit>SZ</unit>
        <price>0.781</price>
      </item>
      <item>
        <sku>092032</sku>
        <quantity>4</quantity>
        <unit>SZ</unit>
        <price>1.841</price>
      </item>
      <item>
        <sku>092042</sku>
        <quantity>22</quantity>
        <unit>SZ</unit>
        <price>1.837</price>
      </item>
      <item>
        <sku>055439</sku>
        <quantity>5</quantity>
        <unit>SZ</unit>
        <price>0.779</price>
      </item>
      <item>
        <sku>022901</sku>
        <quantity>16</quantity>
        <unit>SZ</unit>
        <price>0.478</price>
      </item>
      <item>
        <sku>023880</sku>
        <quantity>20</quantity>
        <unit>SZ</unit>
        <price>1.201</price>
      </item>
      <item>
        <sku>069680</sku>
        <quantity>5</quantity>
        <unit>SZ</unit>
        <price>4.901</price>
      </item>
      <item>
        <sku>069711</sku>
        <quantity>10</quantity>
        <unit>SZ</unit>
        <price>3.272</price>
      </item>
      <item>
        <sku>069681</sku>
        <quantity>10</quantity>
        <unit>SZ</unit>
        <price>1.845</price>
      </item>
      <item>
        <sku>601985</sku>
        <quantity>6</quantity>
        <unit>SZ</unit>
        <price>20.414</price>
      </item>
      <item>
        <sku>601986</sku>
        <quantity>2</quantity>
        <unit>SZ</unit>
        <price>29.704</price>
      </item>
      <item>
        <sku>601983</sku>
        <quantity>8</quantity>
        <unit>SZ</unit>
        <price>34.99</price>
      </item>
      <item>
        <sku>001966</sku>
        <quantity>2</quantity>
        <unit>SZ</unit>
        <price>2.89</price>
      </item>
      <item>
        <sku>069733</sku>
        <quantity>20</quantity>
        <unit>SZ</unit>
        <price>3.741</price>
      </item>
      <item>
        <sku>601981</sku>
        <quantity>10</quantity>
        <unit>SZ</unit>
        <price>16.748</price>
      </item>
      <item>
        <sku>601982</sku>
        <quantity>6</quantity>
        <unit>SZ</unit>
        <price>24.105</price>
      </item>
      <item>
        <sku>601987</sku>
        <quantity>1</quantity>
        <unit>SZ</unit>
        <price>43.521</price>
      </item>
      <item>
        <sku>134100</sku>
        <quantity>3</quantity>
        <unit>SZ</unit>
        <price>2.015</price>
      </item>
      <item>
        <sku>134146</sku>
        <quantity>5</quantity>
        <unit>SZ</unit>
        <price>5.56</price>
      </item>
      <item>
        <sku>135203</sku>
        <quantity>7</quantity>
        <unit>SZ</unit>
        <price>13.876</price>
      </item>
      <item>
        <sku>055427</sku>
        <quantity>20</quantity>
        <unit>SZ</unit>
        <price>8.549</price>
      </item>
      <item>
        <sku>411002</sku>
        <quantity>88</quantity>
        <unit>SZ</unit>
        <price>12.604</price>
      </item>
      <item>
        <sku>419206</sku>
        <quantity>12</quantity>
        <unit>SZ</unit>
        <price>1.742</price>
      </item>
      <item>
        <sku>419233</sku>
        <quantity>20</quantity>
        <unit>SZ</unit>
        <price>4.135</price>
      </item>
      <item>
        <sku>419235</sku>
        <quantity>36</quantity>
        <unit>SZ</unit>
        <price>4.103</price>
      </item>
      <item>
        <sku>419135</sku>
        <quantity>72</quantity>
        <unit>SZ</unit>
        <price>1.347</price>
      </item>
      <item>
        <sku>419133</sku>
        <quantity>48</quantity>
        <unit>SZ</unit>
        <price>1.465</price>
      </item>
      <item>
        <sku>419200</sku>
        <quantity>563</quantity>
        <unit>SZ</unit>
        <price>1.297</price>
      </item>
      <item>
        <sku>419202</sku>
        <quantity>732</quantity>
        <unit>SZ</unit>
        <price>1.287</price>
      </item>
      <item>
        <sku>419199</sku>
        <quantity>36</quantity>
        <unit>SZ</unit>
        <price>1.365</price>
      </item>
      <item>
        <sku>419169</sku>
        <quantity>96</quantity>
        <unit>SZ</unit>
        <price>4.103</price>
      </item>
      <item>
        <sku>419170</sku>
        <quantity>36</quantity>
        <unit>SZ</unit>
        <price>4.255</price>
      </item>
      <item>
        <sku>419236</sku>
        <quantity>24</quantity>
        <unit>SZ</unit>
        <price>4.291</price>
      </item>
      <item>
        <sku>419241</sku>
        <quantity>12</quantity>
        <unit>SZ</unit>
        <price>5.669</price>
      </item>
      <item>
        <sku>402024</sku>
        <quantity>155</quantity>
        <unit>SZ</unit>
        <price>10.345</price>
      </item>
      <item>
        <sku>402026</sku>
        <quantity>1</quantity>
        <unit>SZ</unit>
        <price>11.898</price>
      </item>
      <item>
        <sku>402063</sku>
        <quantity>40</quantity>
        <unit>SZ</unit>
        <price>15.519</price>
      </item>
      <item>
        <sku>402064</sku>
        <quantity>7</quantity>
        <unit>SZ</unit>
        <price>17.447</price>
      </item>
      <item>
        <sku>412780</sku>
        <quantity>5</quantity>
        <unit>SZ</unit>
        <price>12.073</price>
      </item>
      <item>
        <sku>412790</sku>
        <quantity>5</quantity>
        <unit>SZ</unit>
        <price>12.653</price>
      </item>
      <item>
        <sku>412227</sku>
        <quantity>3</quantity>
        <unit>SZ</unit>
        <price>25.337</price>
      </item>
      <item>
        <sku>055157</sku>
        <quantity>10</quantity>
        <unit>SZ</unit>
        <price>4.566</price>
      </item>
      <item>
        <sku>721120</sku>
        <quantity>300</quantity>
        <unit>SZ</unit>
        <price>1.61</price>
      </item>
      <item>
        <sku>721179</sku>
        <quantity>5</quantity>
        <unit>SZ</unit>
        <price>15.07</price>
      </item>
      <item>
        <sku>721401</sku>
        <quantity>40</quantity>
        <unit>SZ</unit>
        <price>2.04</price>
      </item>
      <item>
        <sku>755206</sku>
        <quantity>20</quantity>
        <unit>SZ</unit>
        <price>0.416</price>
      </item>
      <item>
        <sku>754311</sku>
        <quantity>30</quantity>
        <unit>SZ</unit>
        <price>0.554</price>
      </item>
      <item>
        <sku>754312</sku>
        <quantity>10</quantity>
        <unit>SZ</unit>
        <price>0.915</price>
      </item>
      <item>
        <sku>754313</sku>
        <quantity>10</quantity>
        <unit>SZ</unit>
        <price>1.918</price>
      </item>
      <item>
        <sku>755008</sku>
        <quantity>20</quantity>
        <unit>SZ</unit>
        <price>1.006</price>
      </item>
      <item>
        <sku>755028</sku>
        <quantity>5</quantity>
        <unit>SZ</unit>
        <price>1.936</price>
      </item>
      <item>
        <sku>755208</sku>
        <quantity>41</quantity>
        <unit>SZ</unit>
        <price>1.357</price>
      </item>
      <item>
        <sku>754401</sku>
        <quantity>10</quantity>
        <unit>SZ</unit>
        <price>1.268</price>
      </item>
      <item>
        <sku>754402</sku>
        <quantity>13</quantity>
        <unit>SZ</unit>
        <price>2.691</price>
      </item>
      <item>
        <sku>754403</sku>
        <quantity>12</quantity>
        <unit>SZ</unit>
        <price>3.952</price>
      </item>
      <item>
        <sku>774301</sku>
        <quantity>20</quantity>
        <unit>SZ</unit>
        <price>1.165</price>
      </item>
      <item>
        <sku>752001</sku>
        <quantity>20</quantity>
        <unit>SZ</unit>
        <price>0.98</price>
      </item>
      <item>
        <sku>752005</sku>
        <quantity>10</quantity>
        <unit>SZ</unit>
        <price>1.594</price>
      </item>
      <item>
        <sku>752007</sku>
        <quantity>20</quantity>
        <unit>SZ</unit>
        <price>2.527</price>
      </item>
      <item>
        <sku>752008</sku>
        <quantity>15</quantity>
        <unit>SZ</unit>
        <price>1.801</price>
      </item>
      <item>
        <sku>753026</sku>
        <quantity>5</quantity>
        <unit>SZ</unit>
        <price>2.475</price>
      </item>
      <item>
        <sku>067684</sku>
        <quantity>5</quantity>
        <unit>SZ</unit>
        <price>0.975</price>
      </item>
      <item>
        <sku>752018</sku>
        <quantity>3</quantity>
        <unit>SZ</unit>
        <price>2.217</price>
      </item>
      <item>
        <sku>754131</sku>
        <quantity>20</quantity>
        <unit>SZ</unit>
        <price>1.005</price>
      </item>
      <item>
        <sku>755001</sku>
        <quantity>70</quantity>
        <unit>SZ</unit>
        <price>0.138</price>
      </item>
      <item>
        <sku>755201</sku>
        <quantity>220</quantity>
        <unit>SZ</unit>
        <price>0.165</price>
      </item>
      <item>
        <sku>754041</sku>
        <quantity>100</quantity>
        <unit>SZ</unit>
        <price>0.309</price>
      </item>
      <item>
        <sku>755000</sku>
        <quantity>50</quantity>
        <unit>SZ</unit>
        <price>0.122</price>
      </item>
      <item>
        <sku>755200</sku>
        <quantity>270</quantity>
        <unit>SZ</unit>
        <price>0.155</price>
      </item>
      <item>
        <sku>756952</sku>
        <quantity>3</quantity>
        <unit>SZ</unit>
        <price>2.315</price>
      </item>
      <item>
        <sku>754251</sku>
        <quantity>40</quantity>
        <unit>SZ</unit>
        <price>1.004</price>
      </item>
      <item>
        <sku>754252</sku>
        <quantity>40</quantity>
        <unit>SZ</unit>
        <price>2.224</price>
      </item>
      <item>
        <sku>754253</sku>
        <quantity>30</quantity>
        <unit>SZ</unit>
        <price>3.628</price>
      </item>
      <item>
        <sku>754254</sku>
        <quantity>15</quantity>
        <unit>SZ</unit>
        <price>4.369</price>
      </item>
      <item>
        <sku>754143</sku>
        <quantity>5</quantity>
        <unit>SZ</unit>
        <price>3.314</price>
      </item>
      <item>
        <sku>753020</sku>
        <quantity>440</quantity>
        <unit>SZ</unit>
        <price>1.145</price>
      </item>
      <item>
        <sku>774451</sku>
        <quantity>30</quantity>
        <unit>SZ</unit>
        <price>0.25</price>
      </item>
      <item>
        <sku>774354</sku>
        <quantity>3</quantity>
        <unit>SZ</unit>
        <price>1.27</price>
      </item>
      <item>
        <sku>037171</sku>
        <quantity>50</quantity>
        <unit>SZ</unit>
        <price>0.67</price>
      </item>
      <item>
        <sku>037103</sku>
        <quantity>90</quantity>
        <unit>SZ</unit>
        <price>0.503</price>
      </item>
      <item>
        <sku>092005</sku>
        <quantity>5</quantity>
        <unit>SZ</unit>
        <price>0.584</price>
      </item>
      <item>
        <sku>404926</sku>
        <quantity>200</quantity>
        <unit>SZ</unit>
        <price>1.191</price>
      </item>
      <item>
        <sku>076551</sku>
        <quantity>600</quantity>
        <unit>SZ</unit>
        <price>1.297</price>
      </item>
      <item>
        <sku>092005</sku>
        <quantity>200</quantity>
        <unit>SZ</unit>
        <price>0.584</price>
      </item>
      <item>
        <sku>412631</sku>
        <quantity>7</quantity>
        <unit>SZ</unit>
        <price>31.558</price>
      </item>
      <item>
        <sku>076551</sku>
        <quantity>171</quantity>
        <unit>SZ</unit>
        <price>1.297</price>
      </item>
    </items>
  </invoice>
</commerceinfo>