﻿<?xml version="1.0" encoding="utf-8"?>
<commerceinfo version="2.04" ctime="2024-04-28">
  <invoice>
    <docType>incomingInvoice</docType>
    <no>872382 TEST2</no>
    <UiPath>1</UiPath>
    <date>18-01-2024</date>
    <time>23-09-44</time>
    <discount>null</discount>
    <customer>
      <id>8870000206</id>
      <name>LEGRAND POLSKA Spolka z o.o.</name>
    </customer>
    <items>
      <item>
        <sku>419173</sku>
        <quantity>4</quantity>
        <unit>SZ</unit>
        <price>6.533</price>
      </item>
      <item>
        <sku>721327</sku>
        <quantity>2</quantity>
        <unit>SZ</unit>
        <price>3.351</price>
      </item>
      <item>
        <sku>756002</sku>
        <quantity>10</quantity>
        <unit>SZ</unit>
        <price>0.646</price>
      </item>
      <item>
        <sku>068982</sku>
        <quantity>35</quantity>
        <unit>SZ</unit>
        <price>3.959</price>
      </item>
      <item>
        <sku>089752</sku>
        <quantity>1</quantity>
        <unit>SZ</unit>
        <price>33.163</price>
      </item>
      <item>
        <sku>089750</sku>
        <quantity>10</quantity>
        <unit>SZ</unit>
        <price>17.094</price>
      </item>
      <item>
        <sku>782383</sku>
        <quantity>2</quantity>
        <unit>SZ</unit>
        <price>2.842</price>
      </item>
      <item>
        <sku>782381</sku>
        <quantity>9</quantity>
        <unit>SZ</unit>
        <price>4.043</price>
      </item>
      <item>
        <sku>782382</sku>
        <quantity>7</quantity>
        <unit>SZ</unit>
        <price>3.86</price>
      </item>
      <item>
        <sku>694522</sku>
        <quantity>10</quantity>
        <unit>SZ</unit>
        <price>10.64</price>
      </item>
      <item>
        <sku>694521</sku>
        <quantity>10</quantity>
        <unit>SZ</unit>
        <price>3.86</price>
      </item>
      <item>
        <sku>694519</sku>
        <quantity>10</quantity>
        <unit>SZ</unit>
        <price>1.97</price>
      </item>
      <item>
        <sku>694518</sku>
        <quantity>10</quantity>
        <unit>SZ</unit>
        <price>1.97</price>
      </item>
      <item>
        <sku>NAV-PRO</sku>
        <quantity>1</quantity>
        <unit>SZ</unit>
        <price>43.028</price>
      </item>
      <item>
        <sku>863320</sku>
        <quantity>8</quantity>
        <unit>SZ</unit>
        <price>1.65</price>
      </item>
      <item>
        <sku>863363</sku>
        <quantity>2</quantity>
        <unit>SZ</unit>
        <price>2.111</price>
      </item>
      <item>
        <sku>863420</sku>
        <quantity>100</quantity>
        <unit>SZ</unit>
        <price>1.678</price>
      </item>
      <item>
        <sku>092062</sku>
        <quantity>2</quantity>
        <unit>SZ</unit>
        <price>3.493</price>
      </item>
      <item>
        <sku>137146</sku>
        <quantity>1</quantity>
        <unit>SZ</unit>
        <price>6.889</price>
      </item>
      <item>
        <sku>137206</sku>
        <quantity>2</quantity>
        <unit>SZ</unit>
        <price>6.889</price>
      </item>
      <item>
        <sku>135172</sku>
        <quantity>4</quantity>
        <unit>SZ</unit>
        <price>13.991</price>
      </item>
      <item>
        <sku>137217</sku>
        <quantity>2</quantity>
        <unit>SZ</unit>
        <price>15.968</price>
      </item>
      <item>
        <sku>135214</sku>
        <quantity>4</quantity>
        <unit>SZ</unit>
        <price>22.001</price>
      </item>
      <item>
        <sku>135144</sku>
        <quantity>5</quantity>
        <unit>SZ</unit>
        <price>22.001</price>
      </item>
      <item>
        <sku>137209</sku>
        <quantity>2</quantity>
        <unit>SZ</unit>
        <price>30.223</price>
      </item>
      <item>
        <sku>402063</sku>
        <quantity>1</quantity>
        <unit>SZ</unit>
        <price>17.655</price>
      </item>
      <item>
        <sku>721353</sku>
        <quantity>7</quantity>
        <unit>SZ</unit>
        <price>9.62</price>
      </item>
      <item>
        <sku>721453</sku>
        <quantity>20</quantity>
        <unit>SZ</unit>
        <price>9.62</price>
      </item>
      <item>
        <sku>721495</sku>
        <quantity>6</quantity>
        <unit>SZ</unit>
        <price>9.212</price>
      </item>
      <item>
        <sku>752001</sku>
        <quantity>10</quantity>
        <unit>SZ</unit>
        <price>0.98</price>
      </item>
      <item>
        <sku>752062</sku>
        <quantity>2</quantity>
        <unit>SZ</unit>
        <price>25.234</price>
      </item>
      <item>
        <sku>754951</sku>
        <quantity>5</quantity>
        <unit>SZ</unit>
        <price>0.54</price>
      </item>
      <item>
        <sku>068212</sku>
        <quantity>4</quantity>
        <unit>SZ</unit>
        <price>0.833</price>
      </item>
      <item>
        <sku>089271</sku>
        <quantity>10</quantity>
        <unit>SZ</unit>
        <price>1.668</price>
      </item>
      <item>
        <sku>068982</sku>
        <quantity>20</quantity>
        <unit>SZ</unit>
        <price>3.959</price>
      </item>
      <item>
        <sku>080086</sku>
        <quantity>20</quantity>
        <unit>SZ</unit>
        <price>1.101</price>
      </item>
      <item>
        <sku>089311</sku>
        <quantity>30</quantity>
        <unit>SZ</unit>
        <price>9.239</price>
      </item>
      <item>
        <sku>080021</sku>
        <quantity>120</quantity>
        <unit>SZ</unit>
        <price>0.4</price>
      </item>
      <item>
        <sku>080021</sku>
        <quantity>1800</quantity>
        <unit>SZ</unit>
        <price>0.4</price>
      </item>
      <item>
        <sku>089374</sku>
        <quantity>20</quantity>
        <unit>SZ</unit>
        <price>5.75</price>
      </item>
      <item>
        <sku>088123</sku>
        <quantity>1</quantity>
        <unit>SZ</unit>
        <price>94.477</price>
      </item>
      <item>
        <sku>088103</sku>
        <quantity>1</quantity>
        <unit>SZ</unit>
        <price>39.254</price>
      </item>
      <item>
        <sku>412553</sku>
        <quantity>15</quantity>
        <unit>SZ</unit>
        <price>15.825</price>
      </item>
      <item>
        <sku>076561</sku>
        <quantity>130</quantity>
        <unit>SZ</unit>
        <price>1.296</price>
      </item>
      <item>
        <sku>400405</sku>
        <quantity>42</quantity>
        <unit>SZ</unit>
        <price>4.156</price>
      </item>
      <item>
        <sku>412553</sku>
        <quantity>10</quantity>
        <unit>SZ</unit>
        <price>15.825</price>
      </item>
      <item>
        <sku>412553</sku>
        <quantity>20</quantity>
        <unit>SZ</unit>
        <price>15.825</price>
      </item>
      <item>
        <sku>400405</sku>
        <quantity>12</quantity>
        <unit>SZ</unit>
        <price>4.156</price>
      </item>
      <item>
        <sku>031955</sku>
        <quantity>800</quantity>
        <unit>SZ</unit>
        <price>0.043</price>
      </item>
      <item>
        <sku>031955</sku>
        <quantity>1800</quantity>
        <unit>SZ</unit>
        <price>0.043</price>
      </item>
      <item>
        <sku>066632</sku>
        <quantity>690</quantity>
        <unit>SZ</unit>
        <price>0.655</price>
      </item>
      <item>
        <sku>066742</sku>
        <quantity>15</quantity>
        <unit>SZ</unit>
        <price>2.295</price>
      </item>
      <item>
        <sku>067082</sku>
        <quantity>12</quantity>
        <unit>SZ</unit>
        <price>9.278</price>
      </item>
      <item>
        <sku>067388</sku>
        <quantity>6</quantity>
        <unit>SZ</unit>
        <price>3.591</price>
      </item>
      <item>
        <sku>068143</sku>
        <quantity>8</quantity>
        <unit>SZ</unit>
        <price>0.913</price>
      </item>
      <item>
        <sku>068441</sku>
        <quantity>10</quantity>
        <unit>SZ</unit>
        <price>1.147</price>
      </item>
      <item>
        <sku>068443</sku>
        <quantity>20</quantity>
        <unit>SZ</unit>
        <price>1.26</price>
      </item>
      <item>
        <sku>068923</sku>
        <quantity>10</quantity>
        <unit>SZ</unit>
        <price>3.263</price>
      </item>
      <item>
        <sku>069032</sku>
        <quantity>20</quantity>
        <unit>SZ</unit>
        <price>18.52</price>
      </item>
      <item>
        <sku>069731</sku>
        <quantity>20</quantity>
        <unit>SZ</unit>
        <price>3.094</price>
      </item>
      <item>
        <sku>078818L</sku>
        <quantity>27</quantity>
        <unit>SZ</unit>
        <price>1.65</price>
      </item>
      <item>
        <sku>401233</sku>
        <quantity>4</quantity>
        <unit>SZ</unit>
        <price>6.474</price>
      </item>
      <item>
        <sku>401334</sku>
        <quantity>1</quantity>
        <unit>SZ</unit>
        <price>9.026</price>
      </item>
      <item>
        <sku>066743</sku>
        <quantity>84</quantity>
        <unit>SZ</unit>
        <price>3.125</price>
      </item>
      <item>
        <sku>068212</sku>
        <quantity>10</quantity>
        <unit>SZ</unit>
        <price>0.833</price>
      </item>
      <item>
        <sku>068443</sku>
        <quantity>17</quantity>
        <unit>SZ</unit>
        <price>1.26</price>
      </item>
      <item>
        <sku>068902</sku>
        <quantity>128</quantity>
        <unit>SZ</unit>
        <price>1.758</price>
      </item>
      <item>
        <sku>068991</sku>
        <quantity>28</quantity>
        <unit>SZ</unit>
        <price>1.413</price>
      </item>
      <item>
        <sku>080261</sku>
        <quantity>40</quantity>
        <unit>SZ</unit>
        <price>0.831</price>
      </item>
      <item>
        <sku>412545</sku>
        <quantity>15</quantity>
        <unit>SZ</unit>
        <price>11.579</price>
      </item>
      <item>
        <sku>412631</sku>
        <quantity>19</quantity>
        <unit>SZ</unit>
        <price>31.558</price>
      </item>
      <item>
        <sku>038210</sku>
        <quantity>8400</quantity>
        <unit>SZ</unit>
        <price>0.003</price>
      </item>
      <item>
        <sku>038215</sku>
        <quantity>4800</quantity>
        <unit>SZ</unit>
        <price>0.003</price>
      </item>
      <item>
        <sku>038218</sku>
        <quantity>8400</quantity>
        <unit>SZ</unit>
        <price>0.003</price>
      </item>
      <item>
        <sku>038219</sku>
        <quantity>8400</quantity>
        <unit>SZ</unit>
        <price>0.003</price>
      </item>
      <item>
        <sku>068251</sku>
        <quantity>1</quantity>
        <unit>SZ</unit>
        <price>1.244</price>
      </item>
      <item>
        <sku>089700</sku>
        <quantity>8</quantity>
        <unit>SZ</unit>
        <price>13.337</price>
      </item>
      <item>
        <sku>037781</sku>
        <quantity>16200</quantity>
        <unit>SZ</unit>
        <price>0.008</price>
      </item>
      <item>
        <sku>092062</sku>
        <quantity>7</quantity>
        <unit>SZ</unit>
        <price>3.493</price>
      </item>
      <item>
        <sku>022901</sku>
        <quantity>50</quantity>
        <unit>SZ</unit>
        <price>0.478</price>
      </item>
      <item>
        <sku>060451</sku>
        <quantity>10</quantity>
        <unit>SZ</unit>
        <price>7.75</price>
      </item>
      <item>
        <sku>135141</sku>
        <quantity>5</quantity>
        <unit>SZ</unit>
        <price>6.171</price>
      </item>
      <item>
        <sku>135151</sku>
        <quantity>9</quantity>
        <unit>SZ</unit>
        <price>6.171</price>
      </item>
      <item>
        <sku>134176</sku>
        <quantity>2</quantity>
        <unit>SZ</unit>
        <price>6.698</price>
      </item>
      <item>
        <sku>134218</sku>
        <quantity>10</quantity>
        <unit>SZ</unit>
        <price>7.316</price>
      </item>
      <item>
        <sku>135142</sku>
        <quantity>1</quantity>
        <unit>SZ</unit>
        <price>9.364</price>
      </item>
      <item>
        <sku>135152</sku>
        <quantity>1</quantity>
        <unit>SZ</unit>
        <price>9.364</price>
      </item>
      <item>
        <sku>135211</sku>
        <quantity>8</quantity>
        <unit>SZ</unit>
        <price>6.171</price>
      </item>
      <item>
        <sku>135212</sku>
        <quantity>6</quantity>
        <unit>SZ</unit>
        <price>9.364</price>
      </item>
      <item>
        <sku>402074</sku>
        <quantity>8</quantity>
        <unit>SZ</unit>
        <price>18.688</price>
      </item>
      <item>
        <sku>402036</sku>
        <quantity>20</quantity>
        <unit>SZ</unit>
        <price>12.203</price>
      </item>
      <item>
        <sku>406460</sku>
        <quantity>6</quantity>
        <unit>SZ</unit>
        <price>6.823</price>
      </item>
      <item>
        <sku>419134</sku>
        <quantity>96</quantity>
        <unit>SZ</unit>
        <price>1.429</price>
      </item>
      <item>
        <sku>419137</sku>
        <quantity>12</quantity>
        <unit>SZ</unit>
        <price>1.478</price>
      </item>
      <item>
        <sku>419169</sku>
        <quantity>36</quantity>
        <unit>SZ</unit>
        <price>4.924</price>
      </item>
      <item>
        <sku>419236</sku>
        <quantity>64</quantity>
        <unit>SZ</unit>
        <price>5.117</price>
      </item>
      <item>
        <sku>419237</sku>
        <quantity>96</quantity>
        <unit>SZ</unit>
        <price>5.509</price>
      </item>
      <item>
        <sku>419241</sku>
        <quantity>8</quantity>
        <unit>SZ</unit>
        <price>5.669</price>
      </item>
      <item>
        <sku>065201</sku>
        <quantity>1</quantity>
        <unit>SZ</unit>
        <price>1.84</price>
      </item>
      <item>
        <sku>721301</sku>
        <quantity>10</quantity>
        <unit>SZ</unit>
        <price>2.393</price>
      </item>
      <item>
        <sku>721305</sku>
        <quantity>10</quantity>
        <unit>SZ</unit>
        <price>3.351</price>
      </item>
      <item>
        <sku>721453</sku>
        <quantity>15</quantity>
        <unit>SZ</unit>
        <price>9.62</price>
      </item>
      <item>
        <sku>721476</sku>
        <quantity>2</quantity>
        <unit>SZ</unit>
        <price>41.2</price>
      </item>
      <item>
        <sku>403432</sku>
        <quantity>10</quantity>
        <unit>SZ</unit>
        <price>1.7</price>
      </item>
      <item>
        <sku>403434</sku>
        <quantity>12</quantity>
        <unit>SZ</unit>
        <price>1.855</price>
      </item>
      <item>
        <sku>050342</sku>
        <quantity>20</quantity>
        <unit>SZ</unit>
        <price>1.43</price>
      </item>
    </items>
  </invoice>
</commerceinfo>