﻿<?xml version="1.0" encoding="utf-8"?>
<commerceinfo version="2.04" ctime="2024-04-28">
  <invoice>
    <docType>incomingInvoice</docType>
    <no>881610 TEST2</no>
    <UiPath>1</UiPath>
    <date>15-03-2024</date>
    <time>23-09-47</time>
    <discount>null</discount>
    <customer>
      <id>8870000206</id>
      <name>LEGRAND POLSKA Spolka z o.o.</name>
    </customer>
    <items>
      <item>
        <sku>039141</sku>
        <quantity>10</quantity>
        <unit>SZ</unit>
        <price>5.122</price>
      </item>
      <item>
        <sku>055857</sku>
        <quantity>20</quantity>
        <unit>SZ</unit>
        <price>8.45</price>
      </item>
      <item>
        <sku>066631</sku>
        <quantity>1</quantity>
        <unit>SZ</unit>
        <price>0.28</price>
      </item>
      <item>
        <sku>067020</sku>
        <quantity>15</quantity>
        <unit>SZ</unit>
        <price>2.188</price>
      </item>
      <item>
        <sku>067685</sku>
        <quantity>256</quantity>
        <unit>SZ</unit>
        <price>0.989</price>
      </item>
      <item>
        <sku>068537</sku>
        <quantity>152</quantity>
        <unit>SZ</unit>
        <price>0.558</price>
      </item>
      <item>
        <sku>080086</sku>
        <quantity>50</quantity>
        <unit>SZ</unit>
        <price>1.101</price>
      </item>
      <item>
        <sku>080141</sku>
        <quantity>100</quantity>
        <unit>SZ</unit>
        <price>0.351</price>
      </item>
      <item>
        <sku>080182</sku>
        <quantity>94</quantity>
        <unit>SZ</unit>
        <price>0.818</price>
      </item>
      <item>
        <sku>089271</sku>
        <quantity>20</quantity>
        <unit>SZ</unit>
        <price>1.668</price>
      </item>
      <item>
        <sku>092001</sku>
        <quantity>1029</quantity>
        <unit>SZ</unit>
        <price>0.493</price>
      </item>
      <item>
        <sku>092062</sku>
        <quantity>140</quantity>
        <unit>SZ</unit>
        <price>3.493</price>
      </item>
      <item>
        <sku>401191</sku>
        <quantity>1050</quantity>
        <unit>SZ</unit>
        <price>5.879</price>
      </item>
      <item>
        <sku>401234</sku>
        <quantity>2</quantity>
        <unit>SZ</unit>
        <price>7.454</price>
      </item>
      <item>
        <sku>067007</sku>
        <quantity>2</quantity>
        <unit>SZ</unit>
        <price>9.532</price>
      </item>
      <item>
        <sku>068212</sku>
        <quantity>21</quantity>
        <unit>SZ</unit>
        <price>0.833</price>
      </item>
      <item>
        <sku>068237</sku>
        <quantity>372</quantity>
        <unit>SZ</unit>
        <price>0.179</price>
      </item>
      <item>
        <sku>069211</sku>
        <quantity>8</quantity>
        <unit>SZ</unit>
        <price>7.643</price>
      </item>
      <item>
        <sku>091657</sku>
        <quantity>20</quantity>
        <unit>SZ</unit>
        <price>14.165</price>
      </item>
      <item>
        <sku>092062</sku>
        <quantity>50</quantity>
        <unit>SZ</unit>
        <price>3.493</price>
      </item>
      <item>
        <sku>411556</sku>
        <quantity>48</quantity>
        <unit>SZ</unit>
        <price>16.357</price>
      </item>
      <item>
        <sku>076576</sku>
        <quantity>40</quantity>
        <unit>SZ</unit>
        <price>2.626</price>
      </item>
      <item>
        <sku>067181</sku>
        <quantity>30</quantity>
        <unit>SZ</unit>
        <price>1.538</price>
      </item>
      <item>
        <sku>067346</sku>
        <quantity>20</quantity>
        <unit>SZ</unit>
        <price>2.428</price>
      </item>
      <item>
        <sku>067388</sku>
        <quantity>20</quantity>
        <unit>SZ</unit>
        <price>3.591</price>
      </item>
      <item>
        <sku>067685</sku>
        <quantity>4</quantity>
        <unit>SZ</unit>
        <price>0.989</price>
      </item>
      <item>
        <sku>067686</sku>
        <quantity>50</quantity>
        <unit>SZ</unit>
        <price>0.976</price>
      </item>
      <item>
        <sku>068112</sku>
        <quantity>1939</quantity>
        <unit>SZ</unit>
        <price>0.196</price>
      </item>
      <item>
        <sku>068582</sku>
        <quantity>50</quantity>
        <unit>SZ</unit>
        <price>0.527</price>
      </item>
      <item>
        <sku>068901</sku>
        <quantity>200</quantity>
        <unit>SZ</unit>
        <price>1.161</price>
      </item>
      <item>
        <sku>068903</sku>
        <quantity>10</quantity>
        <unit>SZ</unit>
        <price>3.192</price>
      </item>
      <item>
        <sku>068921</sku>
        <quantity>20</quantity>
        <unit>SZ</unit>
        <price>1.192</price>
      </item>
      <item>
        <sku>069563</sku>
        <quantity>20</quantity>
        <unit>SZ</unit>
        <price>4.303</price>
      </item>
      <item>
        <sku>076565</sku>
        <quantity>100</quantity>
        <unit>SZ</unit>
        <price>1.626</price>
      </item>
      <item>
        <sku>078836L</sku>
        <quantity>5</quantity>
        <unit>SZ</unit>
        <price>6.2</price>
      </item>
      <item>
        <sku>080021</sku>
        <quantity>320</quantity>
        <unit>SZ</unit>
        <price>0.4</price>
      </item>
      <item>
        <sku>080180</sku>
        <quantity>600</quantity>
        <unit>SZ</unit>
        <price>0.403</price>
      </item>
      <item>
        <sku>080285</sku>
        <quantity>5</quantity>
        <unit>SZ</unit>
        <price>1.77</price>
      </item>
      <item>
        <sku>092012</sku>
        <quantity>445</quantity>
        <unit>SZ</unit>
        <price>0.624</price>
      </item>
      <item>
        <sku>092022</sku>
        <quantity>140</quantity>
        <unit>SZ</unit>
        <price>1.063</price>
      </item>
      <item>
        <sku>092023</sku>
        <quantity>20</quantity>
        <unit>SZ</unit>
        <price>1.775</price>
      </item>
      <item>
        <sku>401244</sku>
        <quantity>8</quantity>
        <unit>SZ</unit>
        <price>7.548</price>
      </item>
      <item>
        <sku>411506</sku>
        <quantity>64</quantity>
        <unit>SZ</unit>
        <price>13.631</price>
      </item>
      <item>
        <sku>411556</sku>
        <quantity>24</quantity>
        <unit>SZ</unit>
        <price>16.357</price>
      </item>
      <item>
        <sku>665001</sku>
        <quantity>700</quantity>
        <unit>SZ</unit>
        <price>0.183</price>
      </item>
      <item>
        <sku>752101</sku>
        <quantity>393</quantity>
        <unit>SZ</unit>
        <price>1.125</price>
      </item>
      <item>
        <sku>752105</sku>
        <quantity>225</quantity>
        <unit>SZ</unit>
        <price>1.97</price>
      </item>
      <item>
        <sku>752106</sku>
        <quantity>600</quantity>
        <unit>SZ</unit>
        <price>1.24</price>
      </item>
      <item>
        <sku>752108</sku>
        <quantity>75</quantity>
        <unit>SZ</unit>
        <price>2.157</price>
      </item>
      <item>
        <sku>752205</sku>
        <quantity>30</quantity>
        <unit>SZ</unit>
        <price>1.979</price>
      </item>
      <item>
        <sku>752208</sku>
        <quantity>15</quantity>
        <unit>SZ</unit>
        <price>2.213</price>
      </item>
      <item>
        <sku>752211</sku>
        <quantity>15</quantity>
        <unit>SZ</unit>
        <price>1.336</price>
      </item>
      <item>
        <sku>754001</sku>
        <quantity>2000</quantity>
        <unit>SZ</unit>
        <price>0.311</price>
      </item>
      <item>
        <sku>754002</sku>
        <quantity>730</quantity>
        <unit>SZ</unit>
        <price>0.732</price>
      </item>
      <item>
        <sku>754005</sku>
        <quantity>100</quantity>
        <unit>SZ</unit>
        <price>1.591</price>
      </item>
      <item>
        <sku>754041</sku>
        <quantity>240</quantity>
        <unit>SZ</unit>
        <price>0.309</price>
      </item>
      <item>
        <sku>754042</sku>
        <quantity>70</quantity>
        <unit>SZ</unit>
        <price>0.727</price>
      </item>
      <item>
        <sku>754044</sku>
        <quantity>50</quantity>
        <unit>SZ</unit>
        <price>1.383</price>
      </item>
      <item>
        <sku>764502</sku>
        <quantity>400</quantity>
        <unit>SZ</unit>
        <price>1.437</price>
      </item>
      <item>
        <sku>774305</sku>
        <quantity>20</quantity>
        <unit>SZ</unit>
        <price>1.716</price>
      </item>
      <item>
        <sku>774306</sku>
        <quantity>80</quantity>
        <unit>SZ</unit>
        <price>1.295</price>
      </item>
      <item>
        <sku>774351</sku>
        <quantity>400</quantity>
        <unit>SZ</unit>
        <price>0.251</price>
      </item>
      <item>
        <sku>774406</sku>
        <quantity>200</quantity>
        <unit>SZ</unit>
        <price>1.295</price>
      </item>
      <item>
        <sku>774408</sku>
        <quantity>20</quantity>
        <unit>SZ</unit>
        <price>2.198</price>
      </item>
    </items>
  </invoice>
</commerceinfo>