﻿<?xml version="1.0" encoding="utf-8"?>
<commerceinfo version="2.04" ctime="2024-04-28">
  <invoice>
    <docType>incomingInvoice</docType>
    <no>885978 TEST2</no>
    <UiPath>1</UiPath>
    <date>15-04-2024</date>
    <time>23-09-49</time>
    <discount>null</discount>
    <customer>
      <id>8870000206</id>
      <name>LEGRAND POLSKA Spolka z o.o.</name>
    </customer>
    <items>
      <item>
        <sku>752590</sku>
        <quantity>4</quantity>
        <unit>SZ</unit>
        <price>35.129</price>
      </item>
      <item>
        <sku>408664</sku>
        <quantity>5</quantity>
        <unit>SZ</unit>
        <price>72.813</price>
      </item>
      <item>
        <sku>419200</sku>
        <quantity>37</quantity>
        <unit>SZ</unit>
        <price>1.297</price>
      </item>
      <item>
        <sku>755209</sku>
        <quantity>8</quantity>
        <unit>SZ</unit>
        <price>1.222</price>
      </item>
      <item>
        <sku>601966</sku>
        <quantity>2</quantity>
        <unit>SZ</unit>
        <price>28.453</price>
      </item>
      <item>
        <sku>010635</sku>
        <quantity>8</quantity>
        <unit>SZ</unit>
        <price>9.951</price>
      </item>
      <item>
        <sku>010606</sku>
        <quantity>7</quantity>
        <unit>SZ</unit>
        <price>7.535</price>
      </item>
      <item>
        <sku>080032</sku>
        <quantity>720</quantity>
        <unit>SZ</unit>
        <price>1.451</price>
      </item>
      <item>
        <sku>001923</sku>
        <quantity>9</quantity>
        <unit>SZ</unit>
        <price>38.529</price>
      </item>
      <item>
        <sku>412780</sku>
        <quantity>100</quantity>
        <unit>SZ</unit>
        <price>12.073</price>
      </item>
      <item>
        <sku>076561</sku>
        <quantity>102</quantity>
        <unit>SZ</unit>
        <price>1.296</price>
      </item>
      <item>
        <sku>075601</sku>
        <quantity>200</quantity>
        <unit>MB</unit>
        <price>4.637</price>
      </item>
      <item>
        <sku>055807</sku>
        <quantity>50</quantity>
        <unit>SZ</unit>
        <price>7.151</price>
      </item>
      <item>
        <sku>055427</sku>
        <quantity>20</quantity>
        <unit>SZ</unit>
        <price>8.402</price>
      </item>
      <item>
        <sku>055157</sku>
        <quantity>20</quantity>
        <unit>SZ</unit>
        <price>4.622</price>
      </item>
      <item>
        <sku>055439</sku>
        <quantity>20</quantity>
        <unit>SZ</unit>
        <price>0.791</price>
      </item>
      <item>
        <sku>066298</sku>
        <quantity>2</quantity>
        <unit>SZ</unit>
        <price>6.072</price>
      </item>
      <item>
        <sku>068249</sku>
        <quantity>1</quantity>
        <unit>SZ</unit>
        <price>5.743</price>
      </item>
      <item>
        <sku>026661</sku>
        <quantity>1</quantity>
        <unit>SZ</unit>
        <price>151.601</price>
      </item>
      <item>
        <sku>411134</sku>
        <quantity>4</quantity>
        <unit>SZ</unit>
        <price>11.181</price>
      </item>
      <item>
        <sku>067405</sku>
        <quantity>5</quantity>
        <unit>SZ</unit>
        <price>22.842</price>
      </item>
      <item>
        <sku>080024</sku>
        <quantity>40</quantity>
        <unit>SZ</unit>
        <price>2.083</price>
      </item>
      <item>
        <sku>782423</sku>
        <quantity>30</quantity>
        <unit>SZ</unit>
        <price>3.12</price>
      </item>
      <item>
        <sku>067980</sku>
        <quantity>3</quantity>
        <unit>SZ</unit>
        <price>6.048</price>
      </item>
      <item>
        <sku>419949</sku>
        <quantity>10</quantity>
        <unit>SZ</unit>
        <price>2.826</price>
      </item>
      <item>
        <sku>419950</sku>
        <quantity>10</quantity>
        <unit>SZ</unit>
        <price>2.968</price>
      </item>
      <item>
        <sku>419952</sku>
        <quantity>30</quantity>
        <unit>SZ</unit>
        <price>3.392</price>
      </item>
      <item>
        <sku>419946</sku>
        <quantity>20</quantity>
        <unit>SZ</unit>
        <price>3.532</price>
      </item>
      <item>
        <sku>694519</sku>
        <quantity>10</quantity>
        <unit>SZ</unit>
        <price>1.97</price>
      </item>
      <item>
        <sku>764529</sku>
        <quantity>201</quantity>
        <unit>SZ</unit>
        <price>1.139</price>
      </item>
      <item>
        <sku>601985</sku>
        <quantity>5</quantity>
        <unit>SZ</unit>
        <price>20.414</price>
      </item>
      <item>
        <sku>134214</sku>
        <quantity>3</quantity>
        <unit>SZ</unit>
        <price>4.604</price>
      </item>
      <item>
        <sku>134168</sku>
        <quantity>4</quantity>
        <unit>SZ</unit>
        <price>7.205</price>
      </item>
      <item>
        <sku>135163</sku>
        <quantity>4</quantity>
        <unit>SZ</unit>
        <price>22.31</price>
      </item>
      <item>
        <sku>137209</sku>
        <quantity>1</quantity>
        <unit>SZ</unit>
        <price>30.223</price>
      </item>
      <item>
        <sku>402071</sku>
        <quantity>1</quantity>
        <unit>SZ</unit>
        <price>17.752</price>
      </item>
      <item>
        <sku>402027</sku>
        <quantity>1</quantity>
        <unit>SZ</unit>
        <price>14.857</price>
      </item>
      <item>
        <sku>410971</sku>
        <quantity>3</quantity>
        <unit>SZ</unit>
        <price>12.939</price>
      </item>
      <item>
        <sku>411002</sku>
        <quantity>20</quantity>
        <unit>SZ</unit>
        <price>13.713</price>
      </item>
      <item>
        <sku>419136</sku>
        <quantity>456</quantity>
        <unit>SZ</unit>
        <price>1.418</price>
      </item>
      <item>
        <sku>419133</sku>
        <quantity>24</quantity>
        <unit>SZ</unit>
        <price>1.66</price>
      </item>
      <item>
        <sku>419202</sku>
        <quantity>120</quantity>
        <unit>SZ</unit>
        <price>1.419</price>
      </item>
      <item>
        <sku>419199</sku>
        <quantity>96</quantity>
        <unit>SZ</unit>
        <price>1.325</price>
      </item>
      <item>
        <sku>419169</sku>
        <quantity>48</quantity>
        <unit>SZ</unit>
        <price>4.103</price>
      </item>
      <item>
        <sku>419172</sku>
        <quantity>12</quantity>
        <unit>SZ</unit>
        <price>5.931</price>
      </item>
      <item>
        <sku>419239</sku>
        <quantity>4</quantity>
        <unit>SZ</unit>
        <price>5.321</price>
      </item>
      <item>
        <sku>419241</sku>
        <quantity>20</quantity>
        <unit>SZ</unit>
        <price>5.669</price>
      </item>
      <item>
        <sku>402067</sku>
        <quantity>1</quantity>
        <unit>SZ</unit>
        <price>14.743</price>
      </item>
      <item>
        <sku>413092</sku>
        <quantity>2</quantity>
        <unit>SZ</unit>
        <price>19.861</price>
      </item>
      <item>
        <sku>413093</sku>
        <quantity>3</quantity>
        <unit>SZ</unit>
        <price>19.861</price>
      </item>
      <item>
        <sku>026245</sku>
        <quantity>2</quantity>
        <unit>SZ</unit>
        <price>11.079</price>
      </item>
      <item>
        <sku>721494</sku>
        <quantity>5</quantity>
        <unit>SZ</unit>
        <price>4.36</price>
      </item>
      <item>
        <sku>774451</sku>
        <quantity>20</quantity>
        <unit>SZ</unit>
        <price>0.25</price>
      </item>
      <item>
        <sku>069871L</sku>
        <quantity>5</quantity>
        <unit>SZ</unit>
        <price>3.89</price>
      </item>
      <item>
        <sku>069607L</sku>
        <quantity>2</quantity>
        <unit>SZ</unit>
        <price>4.34</price>
      </item>
      <item>
        <sku>069606L</sku>
        <quantity>2</quantity>
        <unit>SZ</unit>
        <price>2.29</price>
      </item>
    </items>
  </invoice>
</commerceinfo>