﻿<?xml version="1.0" encoding="utf-8"?>
<commerceinfo version="2.04" ctime="2024-04-28">
  <invoice>
    <docType>incomingInvoice</docType>
    <no>884634 TEST2</no>
    <UiPath>1</UiPath>
    <date>04-04-2024</date>
    <time>23-09-48</time>
    <discount>null</discount>
    <customer>
      <id>8870000206</id>
      <name>LEGRAND POLSKA Spolka z o.o.</name>
    </customer>
    <items>
      <item>
        <sku>092001</sku>
        <quantity>961</quantity>
        <unit>SZ</unit>
        <price>0.507</price>
      </item>
      <item>
        <sku>010954</sku>
        <quantity>350</quantity>
        <unit>SZ</unit>
        <price>0.668</price>
      </item>
      <item>
        <sku>067181</sku>
        <quantity>100</quantity>
        <unit>SZ</unit>
        <price>1.599</price>
      </item>
      <item>
        <sku>067686</sku>
        <quantity>200</quantity>
        <unit>SZ</unit>
        <price>0.996</price>
      </item>
      <item>
        <sku>067951</sku>
        <quantity>10</quantity>
        <unit>SZ</unit>
        <price>1.952</price>
      </item>
      <item>
        <sku>068237</sku>
        <quantity>190</quantity>
        <unit>SZ</unit>
        <price>0.204</price>
      </item>
      <item>
        <sku>076565</sku>
        <quantity>290</quantity>
        <unit>SZ</unit>
        <price>1.8</price>
      </item>
      <item>
        <sku>078778</sku>
        <quantity>35</quantity>
        <unit>SZ</unit>
        <price>5.259</price>
      </item>
      <item>
        <sku>080197</sku>
        <quantity>200</quantity>
        <unit>SZ</unit>
        <price>0.144</price>
      </item>
      <item>
        <sku>092022</sku>
        <quantity>15</quantity>
        <unit>SZ</unit>
        <price>1.177</price>
      </item>
      <item>
        <sku>411505</sku>
        <quantity>24</quantity>
        <unit>SZ</unit>
        <price>12.608</price>
      </item>
      <item>
        <sku>752108</sku>
        <quantity>15</quantity>
        <unit>SZ</unit>
        <price>2.286</price>
      </item>
    </items>
  </invoice>
</commerceinfo>