﻿<?xml version="1.0" encoding="utf-8"?>
<commerceinfo version="2.04" ctime="2024-04-28">
  <invoice>
    <docType>incomingInvoice</docType>
    <no>874313 TEST2</no>
    <UiPath>1</UiPath>
    <date>29-01-2024</date>
    <time>23-09-45</time>
    <discount>null</discount>
    <customer>
      <id>8870000206</id>
      <name>LEGRAND POLSKA Spolka z o.o.</name>
    </customer>
    <items>
      <item>
        <sku>721426</sku>
        <quantity>10</quantity>
        <unit>SZ</unit>
        <price>4.86</price>
      </item>
      <item>
        <sku>069497</sku>
        <quantity>7</quantity>
        <unit>SZ</unit>
        <price>0.679</price>
      </item>
      <item>
        <sku>092052</sku>
        <quantity>2</quantity>
        <unit>SZ</unit>
        <price>2.934</price>
      </item>
      <item>
        <sku>069497</sku>
        <quantity>10</quantity>
        <unit>SZ</unit>
        <price>0.679</price>
      </item>
      <item>
        <sku>092052</sku>
        <quantity>2</quantity>
        <unit>SZ</unit>
        <price>2.934</price>
      </item>
      <item>
        <sku>721129</sku>
        <quantity>19</quantity>
        <unit>SZ</unit>
        <price>13.06</price>
      </item>
      <item>
        <sku>069497</sku>
        <quantity>10</quantity>
        <unit>SZ</unit>
        <price>0.679</price>
      </item>
      <item>
        <sku>092052</sku>
        <quantity>40</quantity>
        <unit>SZ</unit>
        <price>2.934</price>
      </item>
      <item>
        <sku>092052</sku>
        <quantity>50</quantity>
        <unit>SZ</unit>
        <price>2.934</price>
      </item>
      <item>
        <sku>092052</sku>
        <quantity>30</quantity>
        <unit>SZ</unit>
        <price>2.934</price>
      </item>
      <item>
        <sku>401334</sku>
        <quantity>180</quantity>
        <unit>SZ</unit>
        <price>9.026</price>
      </item>
      <item>
        <sku>412602</sku>
        <quantity>4</quantity>
        <unit>SZ</unit>
        <price>11.025</price>
      </item>
      <item>
        <sku>039142</sku>
        <quantity>30</quantity>
        <unit>SZ</unit>
        <price>6.637</price>
      </item>
      <item>
        <sku>068902</sku>
        <quantity>122</quantity>
        <unit>SZ</unit>
        <price>1.758</price>
      </item>
      <item>
        <sku>068991</sku>
        <quantity>172</quantity>
        <unit>SZ</unit>
        <price>1.413</price>
      </item>
      <item>
        <sku>092052</sku>
        <quantity>100</quantity>
        <unit>SZ</unit>
        <price>2.934</price>
      </item>
      <item>
        <sku>NOC-S-PRO</sku>
        <quantity>2</quantity>
        <unit>SZ</unit>
        <price>150</price>
      </item>
      <item>
        <sku>065083</sku>
        <quantity>20</quantity>
        <unit>SZ</unit>
        <price>2.016</price>
      </item>
      <item>
        <sku>038214</sku>
        <quantity>8400</quantity>
        <unit>SZ</unit>
        <price>0.003</price>
      </item>
      <item>
        <sku>864527</sku>
        <quantity>5</quantity>
        <unit>SZ</unit>
        <price>15.692</price>
      </item>
      <item>
        <sku>089750</sku>
        <quantity>2</quantity>
        <unit>SZ</unit>
        <price>17.094</price>
      </item>
      <item>
        <sku>036542</sku>
        <quantity>2</quantity>
        <unit>SZ</unit>
        <price>0.901</price>
      </item>
      <item>
        <sku>037789</sku>
        <quantity>6000</quantity>
        <unit>SZ</unit>
        <price>0.008</price>
      </item>
      <item>
        <sku>408032</sku>
        <quantity>10</quantity>
        <unit>SZ</unit>
        <price>7.586</price>
      </item>
      <item>
        <sku>077252</sku>
        <quantity>30</quantity>
        <unit>SZ</unit>
        <price>3.533</price>
      </item>
      <item>
        <sku>092052</sku>
        <quantity>10</quantity>
        <unit>SZ</unit>
        <price>2.934</price>
      </item>
      <item>
        <sku>023903</sku>
        <quantity>9</quantity>
        <unit>SZ</unit>
        <price>2.439</price>
      </item>
      <item>
        <sku>023880</sku>
        <quantity>20</quantity>
        <unit>SZ</unit>
        <price>1.201</price>
      </item>
      <item>
        <sku>402071</sku>
        <quantity>2</quantity>
        <unit>SZ</unit>
        <price>17.752</price>
      </item>
      <item>
        <sku>402067</sku>
        <quantity>1</quantity>
        <unit>SZ</unit>
        <price>14.743</price>
      </item>
      <item>
        <sku>755006</sku>
        <quantity>10</quantity>
        <unit>SZ</unit>
        <price>0.506</price>
      </item>
      <item>
        <sku>037161</sku>
        <quantity>50</quantity>
        <unit>SZ</unit>
        <price>0.233</price>
      </item>
      <item>
        <sku>065083</sku>
        <quantity>90</quantity>
        <unit>SZ</unit>
        <price>2.016</price>
      </item>
      <item>
        <sku>066633</sku>
        <quantity>15</quantity>
        <unit>SZ</unit>
        <price>1.407</price>
      </item>
      <item>
        <sku>067686</sku>
        <quantity>178</quantity>
        <unit>SZ</unit>
        <price>0.976</price>
      </item>
      <item>
        <sku>067688</sku>
        <quantity>3</quantity>
        <unit>SZ</unit>
        <price>0.989</price>
      </item>
      <item>
        <sku>078838L</sku>
        <quantity>9</quantity>
        <unit>SZ</unit>
        <price>4.74</price>
      </item>
      <item>
        <sku>080141</sku>
        <quantity>100</quantity>
        <unit>SZ</unit>
        <price>0.351</price>
      </item>
      <item>
        <sku>410500</sku>
        <quantity>6</quantity>
        <unit>SZ</unit>
        <price>24.107</price>
      </item>
      <item>
        <sku>411525</sku>
        <quantity>6</quantity>
        <unit>SZ</unit>
        <price>11.853</price>
      </item>
      <item>
        <sku>400408</sku>
        <quantity>24</quantity>
        <unit>SZ</unit>
        <price>6.474</price>
      </item>
      <item>
        <sku>400408</sku>
        <quantity>12</quantity>
        <unit>SZ</unit>
        <price>6.474</price>
      </item>
      <item>
        <sku>412523</sku>
        <quantity>60</quantity>
        <unit>SZ</unit>
        <price>5.026</price>
      </item>
      <item>
        <sku>080032</sku>
        <quantity>600</quantity>
        <unit>SZ</unit>
        <price>1.451</price>
      </item>
      <item>
        <sku>400408</sku>
        <quantity>6</quantity>
        <unit>SZ</unit>
        <price>6.474</price>
      </item>
      <item>
        <sku>412523</sku>
        <quantity>50</quantity>
        <unit>SZ</unit>
        <price>5.026</price>
      </item>
      <item>
        <sku>400408</sku>
        <quantity>18</quantity>
        <unit>SZ</unit>
        <price>6.474</price>
      </item>
      <item>
        <sku>412631</sku>
        <quantity>21</quantity>
        <unit>SZ</unit>
        <price>31.558</price>
      </item>
      <item>
        <sku>412523</sku>
        <quantity>100</quantity>
        <unit>SZ</unit>
        <price>5.026</price>
      </item>
      <item>
        <sku>412626</sku>
        <quantity>5</quantity>
        <unit>SZ</unit>
        <price>51.515</price>
      </item>
      <item>
        <sku>080032</sku>
        <quantity>180</quantity>
        <unit>SZ</unit>
        <price>1.451</price>
      </item>
      <item>
        <sku>412626</sku>
        <quantity>2</quantity>
        <unit>SZ</unit>
        <price>51.515</price>
      </item>
      <item>
        <sku>412523</sku>
        <quantity>50</quantity>
        <unit>SZ</unit>
        <price>5.026</price>
      </item>
      <item>
        <sku>092052</sku>
        <quantity>50</quantity>
        <unit>SZ</unit>
        <price>2.934</price>
      </item>
      <item>
        <sku>080032</sku>
        <quantity>90</quantity>
        <unit>SZ</unit>
        <price>1.451</price>
      </item>
      <item>
        <sku>001304</sku>
        <quantity>40</quantity>
        <unit>SZ</unit>
        <price>1.234</price>
      </item>
      <item>
        <sku>004850</sku>
        <quantity>46</quantity>
        <unit>SZ</unit>
        <price>0.447</price>
      </item>
      <item>
        <sku>010954</sku>
        <quantity>300</quantity>
        <unit>SZ</unit>
        <price>0.659</price>
      </item>
      <item>
        <sku>031490</sku>
        <quantity>100</quantity>
        <unit>SZ</unit>
        <price>2.009</price>
      </item>
      <item>
        <sku>067345</sku>
        <quantity>250</quantity>
        <unit>SZ</unit>
        <price>1.429</price>
      </item>
      <item>
        <sku>067388</sku>
        <quantity>6</quantity>
        <unit>SZ</unit>
        <price>3.591</price>
      </item>
      <item>
        <sku>067601</sku>
        <quantity>370</quantity>
        <unit>SZ</unit>
        <price>2.834</price>
      </item>
      <item>
        <sku>067686</sku>
        <quantity>150</quantity>
        <unit>SZ</unit>
        <price>0.976</price>
      </item>
      <item>
        <sku>068212</sku>
        <quantity>10</quantity>
        <unit>SZ</unit>
        <price>0.833</price>
      </item>
      <item>
        <sku>068239</sku>
        <quantity>41</quantity>
        <unit>SZ</unit>
        <price>0.776</price>
      </item>
      <item>
        <sku>068582</sku>
        <quantity>110</quantity>
        <unit>SZ</unit>
        <price>0.527</price>
      </item>
      <item>
        <sku>068903</sku>
        <quantity>10</quantity>
        <unit>SZ</unit>
        <price>3.192</price>
      </item>
      <item>
        <sku>069672</sku>
        <quantity>5</quantity>
        <unit>SZ</unit>
        <price>3.106</price>
      </item>
      <item>
        <sku>076562</sku>
        <quantity>200</quantity>
        <unit>SZ</unit>
        <price>1.36</price>
      </item>
      <item>
        <sku>076565</sku>
        <quantity>250</quantity>
        <unit>SZ</unit>
        <price>1.626</price>
      </item>
      <item>
        <sku>076573</sku>
        <quantity>20</quantity>
        <unit>SZ</unit>
        <price>2.451</price>
      </item>
      <item>
        <sku>078778</sku>
        <quantity>4</quantity>
        <unit>SZ</unit>
        <price>5.088</price>
      </item>
      <item>
        <sku>078818L</sku>
        <quantity>42</quantity>
        <unit>SZ</unit>
        <price>1.65</price>
      </item>
      <item>
        <sku>078838L</sku>
        <quantity>1</quantity>
        <unit>SZ</unit>
        <price>4.74</price>
      </item>
      <item>
        <sku>092012</sku>
        <quantity>380</quantity>
        <unit>SZ</unit>
        <price>0.624</price>
      </item>
      <item>
        <sku>411506</sku>
        <quantity>24</quantity>
        <unit>SZ</unit>
        <price>13.631</price>
      </item>
      <item>
        <sku>412523</sku>
        <quantity>20</quantity>
        <unit>SZ</unit>
        <price>5.026</price>
      </item>
      <item>
        <sku>412545</sku>
        <quantity>45</quantity>
        <unit>SZ</unit>
        <price>11.579</price>
      </item>
      <item>
        <sku>001923</sku>
        <quantity>4</quantity>
        <unit>SZ</unit>
        <price>38.529</price>
      </item>
      <item>
        <sku>031955</sku>
        <quantity>1000</quantity>
        <unit>SZ</unit>
        <price>0.043</price>
      </item>
      <item>
        <sku>092052</sku>
        <quantity>476</quantity>
        <unit>SZ</unit>
        <price>2.934</price>
      </item>
    </items>
  </invoice>
</commerceinfo>