﻿<?xml version="1.0" encoding="utf-8"?>
<commerceinfo version="2.04" ctime="2024-04-28">
  <invoice>
    <docType>incomingInvoice</docType>
    <no>873197 TEST2</no>
    <UiPath>1</UiPath>
    <date>22-01-2024</date>
    <time>23-09-45</time>
    <discount>null</discount>
    <customer>
      <id>8870000206</id>
      <name>LEGRAND POLSKA Spolka z o.o.</name>
    </customer>
    <items>
      <item>
        <sku>038213</sku>
        <quantity>8400</quantity>
        <unit>SZ</unit>
        <price>0.003</price>
      </item>
      <item>
        <sku>402074</sku>
        <quantity>2</quantity>
        <unit>SZ</unit>
        <price>18.688</price>
      </item>
      <item>
        <sku>067686</sku>
        <quantity>62</quantity>
        <unit>SZ</unit>
        <price>0.976</price>
      </item>
      <item>
        <sku>068991</sku>
        <quantity>5</quantity>
        <unit>SZ</unit>
        <price>1.413</price>
      </item>
      <item>
        <sku>412631</sku>
        <quantity>10</quantity>
        <unit>SZ</unit>
        <price>31.558</price>
      </item>
      <item>
        <sku>092012</sku>
        <quantity>360</quantity>
        <unit>SZ</unit>
        <price>0.624</price>
      </item>
      <item>
        <sku>412790</sku>
        <quantity>20</quantity>
        <unit>SZ</unit>
        <price>12.653</price>
      </item>
      <item>
        <sku>076561</sku>
        <quantity>20</quantity>
        <unit>SZ</unit>
        <price>1.296</price>
      </item>
      <item>
        <sku>092012</sku>
        <quantity>60</quantity>
        <unit>SZ</unit>
        <price>0.624</price>
      </item>
      <item>
        <sku>412631</sku>
        <quantity>9</quantity>
        <unit>SZ</unit>
        <price>31.558</price>
      </item>
      <item>
        <sku>001922</sku>
        <quantity>2</quantity>
        <unit>SZ</unit>
        <price>28.014</price>
      </item>
      <item>
        <sku>092012</sku>
        <quantity>120</quantity>
        <unit>SZ</unit>
        <price>0.624</price>
      </item>
      <item>
        <sku>412641</sku>
        <quantity>2</quantity>
        <unit>SZ</unit>
        <price>34.796</price>
      </item>
      <item>
        <sku>412790</sku>
        <quantity>31</quantity>
        <unit>SZ</unit>
        <price>12.653</price>
      </item>
      <item>
        <sku>076561</sku>
        <quantity>60</quantity>
        <unit>SZ</unit>
        <price>1.296</price>
      </item>
      <item>
        <sku>080051</sku>
        <quantity>100</quantity>
        <unit>SZ</unit>
        <price>0.39</price>
      </item>
      <item>
        <sku>076561</sku>
        <quantity>60</quantity>
        <unit>SZ</unit>
        <price>1.296</price>
      </item>
      <item>
        <sku>092005</sku>
        <quantity>600</quantity>
        <unit>SZ</unit>
        <price>0.584</price>
      </item>
    </items>
  </invoice>
</commerceinfo>