﻿<?xml version="1.0" encoding="utf-8"?>
<commerceinfo version="2.04" ctime="2024-04-28">
  <invoice>
    <docType>incomingInvoice</docType>
    <no>137559 TEST2</no>
    <UiPath>1</UiPath>
    <date>12-01-2024</date>
    <time>23-09-41</time>
    <discount>null</discount>
    <customer>
      <id>8870000206</id>
      <name>LEGRAND POLSKA Spolka z o.o.</name>
    </customer>
    <items>
      <item>
        <sku>001304</sku>
        <quantity>-40</quantity>
        <unit>SZ</unit>
        <price>0.932</price>
      </item>
      <item>
        <sku>752111</sku>
        <quantity>-150</quantity>
        <unit>SZ</unit>
        <price>1.346</price>
      </item>
      <item>
        <sku>417036</sku>
        <quantity>2</quantity>
        <unit>SZ</unit>
        <price>6.303</price>
      </item>
      <item>
        <sku>092052</sku>
        <quantity>20</quantity>
        <unit>SZ</unit>
        <price>2.93</price>
      </item>
      <item>
        <sku>092052</sku>
        <quantity>3</quantity>
        <unit>SZ</unit>
        <price>2.934</price>
      </item>
      <item>
        <sku>721327</sku>
        <quantity>2</quantity>
        <unit>SZ</unit>
        <price>3.351</price>
      </item>
      <item>
        <sku>060152</sku>
        <quantity>30</quantity>
        <unit>SZ</unit>
        <price>1.99</price>
      </item>
      <item>
        <sku>010952</sku>
        <quantity>58</quantity>
        <unit>SZ</unit>
        <price>0.606</price>
      </item>
      <item>
        <sku>092052</sku>
        <quantity>60</quantity>
        <unit>SZ</unit>
        <price>2.934</price>
      </item>
      <item>
        <sku>060152</sku>
        <quantity>20</quantity>
        <unit>SZ</unit>
        <price>1.985</price>
      </item>
      <item>
        <sku>037782</sku>
        <quantity>600</quantity>
        <unit>SZ</unit>
        <price>0.008</price>
      </item>
      <item>
        <sku>863291</sku>
        <quantity>1</quantity>
        <unit>SZ</unit>
        <price>0.701</price>
      </item>
      <item>
        <sku>863294</sku>
        <quantity>1</quantity>
        <unit>SZ</unit>
        <price>3.152</price>
      </item>
      <item>
        <sku>069711</sku>
        <quantity>60</quantity>
        <unit>SZ</unit>
        <price>3.272</price>
      </item>
      <item>
        <sku>419136</sku>
        <quantity>300</quantity>
        <unit>SZ</unit>
        <price>1.418</price>
      </item>
      <item>
        <sku>754251</sku>
        <quantity>10</quantity>
        <unit>SZ</unit>
        <price>1.004</price>
      </item>
      <item>
        <sku>066632</sku>
        <quantity>151</quantity>
        <unit>SZ</unit>
        <price>0.66</price>
      </item>
      <item>
        <sku>752106</sku>
        <quantity>48</quantity>
        <unit>SZ</unit>
        <price>1.24</price>
      </item>
      <item>
        <sku>135204</sku>
        <quantity>2</quantity>
        <unit>SZ</unit>
        <price>22.001</price>
      </item>
      <item>
        <sku>419167</sku>
        <quantity>4</quantity>
        <unit>SZ</unit>
        <price>4.103</price>
      </item>
      <item>
        <sku>419241</sku>
        <quantity>8</quantity>
        <unit>SZ</unit>
        <price>5.669</price>
      </item>
      <item>
        <sku>721327</sku>
        <quantity>8</quantity>
        <unit>SZ</unit>
        <price>3.351</price>
      </item>
      <item>
        <sku>754891</sku>
        <quantity>1</quantity>
        <unit>SZ</unit>
        <price>1.732</price>
      </item>
      <item>
        <sku>092005</sku>
        <quantity>3</quantity>
        <unit>SZ</unit>
        <price>0.584</price>
      </item>
      <item>
        <sku>068981</sku>
        <quantity>83</quantity>
        <unit>SZ</unit>
        <price>2.465</price>
      </item>
      <item>
        <sku>080086</sku>
        <quantity>20</quantity>
        <unit>SZ</unit>
        <price>1.101</price>
      </item>
      <item>
        <sku>089311</sku>
        <quantity>18</quantity>
        <unit>SZ</unit>
        <price>9.239</price>
      </item>
      <item>
        <sku>050342</sku>
        <quantity>21</quantity>
        <unit>SZ</unit>
        <price>1.43</price>
      </item>
      <item>
        <sku>089752</sku>
        <quantity>5</quantity>
        <unit>SZ</unit>
        <price>33.163</price>
      </item>
      <item>
        <sku>782383</sku>
        <quantity>9</quantity>
        <unit>SZ</unit>
        <price>2.842</price>
      </item>
      <item>
        <sku>694516</sku>
        <quantity>10</quantity>
        <unit>SZ</unit>
        <price>1.58</price>
      </item>
      <item>
        <sku>NAV-PRO</sku>
        <quantity>5</quantity>
        <unit>SZ</unit>
        <price>43.028</price>
      </item>
      <item>
        <sku>863391</sku>
        <quantity>50</quantity>
        <unit>SZ</unit>
        <price>0.806</price>
      </item>
      <item>
        <sku>863291</sku>
        <quantity>3</quantity>
        <unit>SZ</unit>
        <price>0.701</price>
      </item>
      <item>
        <sku>863194</sku>
        <quantity>49</quantity>
        <unit>SZ</unit>
        <price>0.723</price>
      </item>
      <item>
        <sku>863294</sku>
        <quantity>1</quantity>
        <unit>SZ</unit>
        <price>3.152</price>
      </item>
      <item>
        <sku>721129</sku>
        <quantity>1</quantity>
        <unit>SZ</unit>
        <price>13.06</price>
      </item>
      <item>
        <sku>721178</sku>
        <quantity>10</quantity>
        <unit>SZ</unit>
        <price>28.3</price>
      </item>
      <item>
        <sku>721429</sku>
        <quantity>10</quantity>
        <unit>SZ</unit>
        <price>15.07</price>
      </item>
      <item>
        <sku>721453</sku>
        <quantity>25</quantity>
        <unit>SZ</unit>
        <price>9.62</price>
      </item>
      <item>
        <sku>721494</sku>
        <quantity>10</quantity>
        <unit>SZ</unit>
        <price>4.36</price>
      </item>
      <item>
        <sku>068212</sku>
        <quantity>6</quantity>
        <unit>SZ</unit>
        <price>0.833</price>
      </item>
      <item>
        <sku>068924</sku>
        <quantity>2</quantity>
        <unit>SZ</unit>
        <price>6.13</price>
      </item>
      <item>
        <sku>069301</sku>
        <quantity>1</quantity>
        <unit>SZ</unit>
        <price>11.638</price>
      </item>
      <item>
        <sku>068981</sku>
        <quantity>55</quantity>
        <unit>SZ</unit>
        <price>2.465</price>
      </item>
      <item>
        <sku>068901</sku>
        <quantity>140</quantity>
        <unit>SZ</unit>
        <price>1.161</price>
      </item>
      <item>
        <sku>010954</sku>
        <quantity>62</quantity>
        <unit>SZ</unit>
        <price>0.659</price>
      </item>
      <item>
        <sku>067602</sku>
        <quantity>10</quantity>
        <unit>SZ</unit>
        <price>3.09</price>
      </item>
      <item>
        <sku>080180</sku>
        <quantity>44</quantity>
        <unit>SZ</unit>
        <price>0.403</price>
      </item>
      <item>
        <sku>068921</sku>
        <quantity>119</quantity>
        <unit>SZ</unit>
        <price>1.192</price>
      </item>
      <item>
        <sku>080021</sku>
        <quantity>40</quantity>
        <unit>SZ</unit>
        <price>0.4</price>
      </item>
      <item>
        <sku>068923</sku>
        <quantity>10</quantity>
        <unit>SZ</unit>
        <price>3.263</price>
      </item>
      <item>
        <sku>404926</sku>
        <quantity>60</quantity>
        <unit>SZ</unit>
        <price>1.191</price>
      </item>
      <item>
        <sku>001923</sku>
        <quantity>10</quantity>
        <unit>SZ</unit>
        <price>38.529</price>
      </item>
      <item>
        <sku>031955</sku>
        <quantity>2000</quantity>
        <unit>SZ</unit>
        <price>0.043</price>
      </item>
      <item>
        <sku>092005</sku>
        <quantity>200</quantity>
        <unit>SZ</unit>
        <price>0.584</price>
      </item>
      <item>
        <sku>400405</sku>
        <quantity>72</quantity>
        <unit>SZ</unit>
        <price>4.156</price>
      </item>
      <item>
        <sku>400408</sku>
        <quantity>36</quantity>
        <unit>SZ</unit>
        <price>6.474</price>
      </item>
      <item>
        <sku>412780</sku>
        <quantity>100</quantity>
        <unit>SZ</unit>
        <price>12.073</price>
      </item>
      <item>
        <sku>080032</sku>
        <quantity>120</quantity>
        <unit>SZ</unit>
        <price>1.451</price>
      </item>
      <item>
        <sku>080031</sku>
        <quantity>125</quantity>
        <unit>SZ</unit>
        <price>0.482</price>
      </item>
      <item>
        <sku>080052</sku>
        <quantity>30</quantity>
        <unit>SZ</unit>
        <price>1.031</price>
      </item>
      <item>
        <sku>080031</sku>
        <quantity>900</quantity>
        <unit>SZ</unit>
        <price>0.482</price>
      </item>
      <item>
        <sku>400405</sku>
        <quantity>66</quantity>
        <unit>SZ</unit>
        <price>4.156</price>
      </item>
      <item>
        <sku>001923</sku>
        <quantity>2</quantity>
        <unit>SZ</unit>
        <price>38.529</price>
      </item>
      <item>
        <sku>412545</sku>
        <quantity>6</quantity>
        <unit>SZ</unit>
        <price>11.579</price>
      </item>
      <item>
        <sku>031955</sku>
        <quantity>3200</quantity>
        <unit>SZ</unit>
        <price>0.043</price>
      </item>
      <item>
        <sku>080032</sku>
        <quantity>210</quantity>
        <unit>SZ</unit>
        <price>1.451</price>
      </item>
      <item>
        <sku>080052</sku>
        <quantity>120</quantity>
        <unit>SZ</unit>
        <price>1.031</price>
      </item>
      <item>
        <sku>092005</sku>
        <quantity>100</quantity>
        <unit>SZ</unit>
        <price>0.584</price>
      </item>
      <item>
        <sku>001306</sku>
        <quantity>5</quantity>
        <unit>SZ</unit>
        <price>2.094</price>
      </item>
      <item>
        <sku>001660</sku>
        <quantity>100</quantity>
        <unit>SZ</unit>
        <price>0.334</price>
      </item>
      <item>
        <sku>004850</sku>
        <quantity>120</quantity>
        <unit>SZ</unit>
        <price>0.447</price>
      </item>
      <item>
        <sku>066632</sku>
        <quantity>510</quantity>
        <unit>SZ</unit>
        <price>0.655</price>
      </item>
      <item>
        <sku>067346</sku>
        <quantity>70</quantity>
        <unit>SZ</unit>
        <price>2.428</price>
      </item>
      <item>
        <sku>067685</sku>
        <quantity>4</quantity>
        <unit>SZ</unit>
        <price>0.989</price>
      </item>
      <item>
        <sku>067686</sku>
        <quantity>59</quantity>
        <unit>SZ</unit>
        <price>0.976</price>
      </item>
      <item>
        <sku>068141</sku>
        <quantity>60</quantity>
        <unit>SZ</unit>
        <price>0.805</price>
      </item>
      <item>
        <sku>068143</sku>
        <quantity>12</quantity>
        <unit>SZ</unit>
        <price>0.913</price>
      </item>
      <item>
        <sku>068285</sku>
        <quantity>30</quantity>
        <unit>SZ</unit>
        <price>0.8</price>
      </item>
      <item>
        <sku>068301</sku>
        <quantity>350</quantity>
        <unit>SZ</unit>
        <price>0.781</price>
      </item>
      <item>
        <sku>068302</sku>
        <quantity>10</quantity>
        <unit>SZ</unit>
        <price>2.114</price>
      </item>
      <item>
        <sku>068303</sku>
        <quantity>60</quantity>
        <unit>SZ</unit>
        <price>2.665</price>
      </item>
      <item>
        <sku>068901</sku>
        <quantity>20</quantity>
        <unit>SZ</unit>
        <price>1.161</price>
      </item>
      <item>
        <sku>068921</sku>
        <quantity>80</quantity>
        <unit>SZ</unit>
        <price>1.192</price>
      </item>
      <item>
        <sku>068981</sku>
        <quantity>180</quantity>
        <unit>SZ</unit>
        <price>2.465</price>
      </item>
      <item>
        <sku>069563</sku>
        <quantity>30</quantity>
        <unit>SZ</unit>
        <price>4.303</price>
      </item>
      <item>
        <sku>076562</sku>
        <quantity>430</quantity>
        <unit>SZ</unit>
        <price>1.36</price>
      </item>
      <item>
        <sku>076565</sku>
        <quantity>1960</quantity>
        <unit>SZ</unit>
        <price>1.626</price>
      </item>
      <item>
        <sku>076573</sku>
        <quantity>10</quantity>
        <unit>SZ</unit>
        <price>2.451</price>
      </item>
      <item>
        <sku>076576</sku>
        <quantity>40</quantity>
        <unit>SZ</unit>
        <price>2.626</price>
      </item>
      <item>
        <sku>080031</sku>
        <quantity>75</quantity>
        <unit>SZ</unit>
        <price>0.482</price>
      </item>
      <item>
        <sku>080126</sku>
        <quantity>14</quantity>
        <unit>SZ</unit>
        <price>3.413</price>
      </item>
      <item>
        <sku>080141</sku>
        <quantity>100</quantity>
        <unit>SZ</unit>
        <price>0.351</price>
      </item>
      <item>
        <sku>080180</sku>
        <quantity>80</quantity>
        <unit>SZ</unit>
        <price>0.403</price>
      </item>
      <item>
        <sku>080197</sku>
        <quantity>420</quantity>
        <unit>SZ</unit>
        <price>0.131</price>
      </item>
      <item>
        <sku>080266</sku>
        <quantity>40</quantity>
        <unit>SZ</unit>
        <price>3.812</price>
      </item>
      <item>
        <sku>080284</sku>
        <quantity>4</quantity>
        <unit>SZ</unit>
        <price>4.41</price>
      </item>
      <item>
        <sku>092012</sku>
        <quantity>630</quantity>
        <unit>SZ</unit>
        <price>0.624</price>
      </item>
      <item>
        <sku>092022</sku>
        <quantity>55</quantity>
        <unit>SZ</unit>
        <price>1.063</price>
      </item>
      <item>
        <sku>406481</sku>
        <quantity>30</quantity>
        <unit>SZ</unit>
        <price>9.368</price>
      </item>
      <item>
        <sku>411506</sku>
        <quantity>21</quantity>
        <unit>SZ</unit>
        <price>13.631</price>
      </item>
      <item>
        <sku>412527</sku>
        <quantity>4</quantity>
        <unit>SZ</unit>
        <price>11.445</price>
      </item>
      <item>
        <sku>412631</sku>
        <quantity>50</quantity>
        <unit>SZ</unit>
        <price>31.558</price>
      </item>
      <item>
        <sku>601932</sku>
        <quantity>6</quantity>
        <unit>SZ</unit>
        <price>4.17</price>
      </item>
      <item>
        <sku>065083</sku>
        <quantity>10</quantity>
        <unit>SZ</unit>
        <price>2.016</price>
      </item>
      <item>
        <sku>039598</sku>
        <quantity>60</quantity>
        <unit>SZ</unit>
        <price>0.606</price>
      </item>
      <item>
        <sku>067005</sku>
        <quantity>30</quantity>
        <unit>SZ</unit>
        <price>2.327</price>
      </item>
      <item>
        <sku>067031</sku>
        <quantity>576</quantity>
        <unit>SZ</unit>
        <price>0.776</price>
      </item>
      <item>
        <sku>067181</sku>
        <quantity>600</quantity>
        <unit>SZ</unit>
        <price>1.538</price>
      </item>
      <item>
        <sku>067311</sku>
        <quantity>10</quantity>
        <unit>SZ</unit>
        <price>1.5</price>
      </item>
      <item>
        <sku>067602</sku>
        <quantity>10</quantity>
        <unit>SZ</unit>
        <price>3.09</price>
      </item>
      <item>
        <sku>067985</sku>
        <quantity>20</quantity>
        <unit>SZ</unit>
        <price>1.108</price>
      </item>
      <item>
        <sku>068141</sku>
        <quantity>120</quantity>
        <unit>SZ</unit>
        <price>0.805</price>
      </item>
      <item>
        <sku>068237</sku>
        <quantity>200</quantity>
        <unit>SZ</unit>
        <price>0.179</price>
      </item>
      <item>
        <sku>068303</sku>
        <quantity>32</quantity>
        <unit>SZ</unit>
        <price>2.665</price>
      </item>
      <item>
        <sku>068582</sku>
        <quantity>20</quantity>
        <unit>SZ</unit>
        <price>0.527</price>
      </item>
      <item>
        <sku>069511</sku>
        <quantity>30</quantity>
        <unit>SZ</unit>
        <price>2.157</price>
      </item>
      <item>
        <sku>069562</sku>
        <quantity>70</quantity>
        <unit>SZ</unit>
        <price>3.972</price>
      </item>
      <item>
        <sku>069672</sku>
        <quantity>80</quantity>
        <unit>SZ</unit>
        <price>3.106</price>
      </item>
      <item>
        <sku>076562</sku>
        <quantity>100</quantity>
        <unit>SZ</unit>
        <price>1.36</price>
      </item>
      <item>
        <sku>076565</sku>
        <quantity>158</quantity>
        <unit>SZ</unit>
        <price>1.626</price>
      </item>
      <item>
        <sku>080043</sku>
        <quantity>30</quantity>
        <unit>SZ</unit>
        <price>1.011</price>
      </item>
      <item>
        <sku>092022</sku>
        <quantity>5</quantity>
        <unit>SZ</unit>
        <price>1.063</price>
      </item>
      <item>
        <sku>401611</sku>
        <quantity>2</quantity>
        <unit>SZ</unit>
        <price>16.346</price>
      </item>
      <item>
        <sku>411556</sku>
        <quantity>10</quantity>
        <unit>SZ</unit>
        <price>16.357</price>
      </item>
      <item>
        <sku>010954</sku>
        <quantity>40</quantity>
        <unit>SZ</unit>
        <price>0.659</price>
      </item>
    </items>
  </invoice>
</commerceinfo>