﻿<?xml version="1.0" encoding="utf-8"?>
<commerceinfo version="2.04" ctime="2024-04-28">
  <invoice>
    <docType>incomingInvoice</docType>
    <no>875279 TEST2</no>
    <UiPath>1</UiPath>
    <date>02-02-2024</date>
    <time>23-09-46</time>
    <discount>null</discount>
    <customer>
      <id>8870000206</id>
      <name>LEGRAND POLSKA Spolka z o.o.</name>
    </customer>
    <items>
      <item>
        <sku>060152</sku>
        <quantity>30</quantity>
        <unit>SZ</unit>
        <price>1.985</price>
      </item>
      <item>
        <sku>038215</sku>
        <quantity>3600</quantity>
        <unit>SZ</unit>
        <price>0.003</price>
      </item>
      <item>
        <sku>023903</sku>
        <quantity>11</quantity>
        <unit>SZ</unit>
        <price>2.439</price>
      </item>
      <item>
        <sku>419240</sku>
        <quantity>16</quantity>
        <unit>SZ</unit>
        <price>5.641</price>
      </item>
      <item>
        <sku>412273</sku>
        <quantity>6</quantity>
        <unit>SZ</unit>
        <price>57.502</price>
      </item>
      <item>
        <sku>753026</sku>
        <quantity>5</quantity>
        <unit>SZ</unit>
        <price>2.475</price>
      </item>
      <item>
        <sku>754001</sku>
        <quantity>40</quantity>
        <unit>SZ</unit>
        <price>0.311</price>
      </item>
      <item>
        <sku>411662</sku>
        <quantity>6</quantity>
        <unit>SZ</unit>
        <price>20.446</price>
      </item>
      <item>
        <sku>075601</sku>
        <quantity>20</quantity>
        <unit>MB</unit>
        <price>4.637</price>
      </item>
      <item>
        <sku>400405</sku>
        <quantity>72</quantity>
        <unit>SZ</unit>
        <price>4.156</price>
      </item>
      <item>
        <sku>400405</sku>
        <quantity>10</quantity>
        <unit>SZ</unit>
        <price>4.156</price>
      </item>
      <item>
        <sku>400405</sku>
        <quantity>61</quantity>
        <unit>SZ</unit>
        <price>4.156</price>
      </item>
      <item>
        <sku>078818L</sku>
        <quantity>8</quantity>
        <unit>SZ</unit>
        <price>1.65</price>
      </item>
      <item>
        <sku>078838L</sku>
        <quantity>29</quantity>
        <unit>SZ</unit>
        <price>4.74</price>
      </item>
      <item>
        <sku>080141</sku>
        <quantity>100</quantity>
        <unit>SZ</unit>
        <price>0.351</price>
      </item>
      <item>
        <sku>001691</sku>
        <quantity>20</quantity>
        <unit>SZ</unit>
        <price>2.729</price>
      </item>
      <item>
        <sku>001690</sku>
        <quantity>50</quantity>
        <unit>SZ</unit>
        <price>0.57</price>
      </item>
      <item>
        <sku>412536</sku>
        <quantity>2</quantity>
        <unit>SZ</unit>
        <price>20.38</price>
      </item>
      <item>
        <sku>078746</sku>
        <quantity>1</quantity>
        <unit>SZ</unit>
        <price>5.013</price>
      </item>
      <item>
        <sku>782393</sku>
        <quantity>70</quantity>
        <unit>SZ</unit>
        <price>2.772</price>
      </item>
      <item>
        <sku>782382</sku>
        <quantity>10</quantity>
        <unit>SZ</unit>
        <price>3.86</price>
      </item>
      <item>
        <sku>782394</sku>
        <quantity>20</quantity>
        <unit>SZ</unit>
        <price>5.077</price>
      </item>
      <item>
        <sku>386676</sku>
        <quantity>25</quantity>
        <unit>SZ</unit>
        <price>0.157</price>
      </item>
      <item>
        <sku>764573</sku>
        <quantity>10</quantity>
        <unit>SZ</unit>
        <price>4.734</price>
      </item>
      <item>
        <sku>060451</sku>
        <quantity>80</quantity>
        <unit>SZ</unit>
        <price>7.75</price>
      </item>
      <item>
        <sku>069576</sku>
        <quantity>5</quantity>
        <unit>SZ</unit>
        <price>4.112</price>
      </item>
      <item>
        <sku>601985</sku>
        <quantity>12</quantity>
        <unit>SZ</unit>
        <price>20.571</price>
      </item>
      <item>
        <sku>001956</sku>
        <quantity>5</quantity>
        <unit>KP</unit>
        <price>8.355</price>
      </item>
      <item>
        <sku>001957</sku>
        <quantity>3</quantity>
        <unit>KP</unit>
        <price>13.279</price>
      </item>
      <item>
        <sku>001958</sku>
        <quantity>1</quantity>
        <unit>KP</unit>
        <price>22.05</price>
      </item>
      <item>
        <sku>069679</sku>
        <quantity>1</quantity>
        <unit>SZ</unit>
        <price>4.668</price>
      </item>
      <item>
        <sku>069733</sku>
        <quantity>190</quantity>
        <unit>SZ</unit>
        <price>4.134</price>
      </item>
      <item>
        <sku>601981</sku>
        <quantity>4</quantity>
        <unit>SZ</unit>
        <price>16.604</price>
      </item>
      <item>
        <sku>601987</sku>
        <quantity>1</quantity>
        <unit>SZ</unit>
        <price>43.856</price>
      </item>
      <item>
        <sku>134218</sku>
        <quantity>3</quantity>
        <unit>SZ</unit>
        <price>7.316</price>
      </item>
      <item>
        <sku>135201</sku>
        <quantity>11</quantity>
        <unit>SZ</unit>
        <price>5.497</price>
      </item>
      <item>
        <sku>135211</sku>
        <quantity>14</quantity>
        <unit>SZ</unit>
        <price>6.171</price>
      </item>
      <item>
        <sku>134208</sku>
        <quantity>10</quantity>
        <unit>SZ</unit>
        <price>6.935</price>
      </item>
      <item>
        <sku>135212</sku>
        <quantity>8</quantity>
        <unit>SZ</unit>
        <price>9.364</price>
      </item>
      <item>
        <sku>135204</sku>
        <quantity>2</quantity>
        <unit>SZ</unit>
        <price>22.001</price>
      </item>
      <item>
        <sku>402074</sku>
        <quantity>10</quantity>
        <unit>SZ</unit>
        <price>18.688</price>
      </item>
      <item>
        <sku>402075</sku>
        <quantity>20</quantity>
        <unit>SZ</unit>
        <price>19.137</price>
      </item>
      <item>
        <sku>055427</sku>
        <quantity>10</quantity>
        <unit>SZ</unit>
        <price>9.205</price>
      </item>
      <item>
        <sku>419235</sku>
        <quantity>52</quantity>
        <unit>SZ</unit>
        <price>4.688</price>
      </item>
      <item>
        <sku>419169</sku>
        <quantity>60</quantity>
        <unit>SZ</unit>
        <price>4.134</price>
      </item>
      <item>
        <sku>419241</sku>
        <quantity>8</quantity>
        <unit>SZ</unit>
        <price>5.713</price>
      </item>
      <item>
        <sku>402024</sku>
        <quantity>5</quantity>
        <unit>SZ</unit>
        <price>11.827</price>
      </item>
      <item>
        <sku>402063</sku>
        <quantity>20</quantity>
        <unit>SZ</unit>
        <price>17.655</price>
      </item>
      <item>
        <sku>755208</sku>
        <quantity>10</quantity>
        <unit>SZ</unit>
        <price>1.368</price>
      </item>
      <item>
        <sku>774316</sku>
        <quantity>20</quantity>
        <unit>SZ</unit>
        <price>2.259</price>
      </item>
      <item>
        <sku>753026</sku>
        <quantity>5</quantity>
        <unit>SZ</unit>
        <price>2.494</price>
      </item>
      <item>
        <sku>753055</sku>
        <quantity>1</quantity>
        <unit>SZ</unit>
        <price>2.782</price>
      </item>
      <item>
        <sku>754134</sku>
        <quantity>7</quantity>
        <unit>SZ</unit>
        <price>4.099</price>
      </item>
      <item>
        <sku>756202</sku>
        <quantity>60</quantity>
        <unit>SZ</unit>
        <price>0.815</price>
      </item>
      <item>
        <sku>753020</sku>
        <quantity>30</quantity>
        <unit>SZ</unit>
        <price>1.154</price>
      </item>
    </items>
  </invoice>
</commerceinfo>