﻿<?xml version="1.0" encoding="utf-8"?>
<commerceinfo version="2.04" ctime="2024-04-28">
  <invoice>
    <docType>incomingInvoice</docType>
    <no>878428 TEST2</no>
    <UiPath>1</UiPath>
    <date>23-02-2024</date>
    <time>23-09-47</time>
    <discount>null</discount>
    <customer>
      <id>8870000206</id>
      <name>LEGRAND POLSKA Spolka z o.o.</name>
    </customer>
    <items>
      <item>
        <sku>752108</sku>
        <quantity>20</quantity>
        <unit>SZ</unit>
        <price>2.16</price>
      </item>
      <item>
        <sku>721409</sku>
        <quantity>6</quantity>
        <unit>SZ</unit>
        <price>3.591</price>
      </item>
      <item>
        <sku>863523</sku>
        <quantity>50</quantity>
        <unit>SZ</unit>
        <price>1.736</price>
      </item>
      <item>
        <sku>067082</sku>
        <quantity>18</quantity>
        <unit>SZ</unit>
        <price>9.278</price>
      </item>
      <item>
        <sku>067082</sku>
        <quantity>30</quantity>
        <unit>SZ</unit>
        <price>9.278</price>
      </item>
      <item>
        <sku>137206</sku>
        <quantity>3</quantity>
        <unit>SZ</unit>
        <price>6.889</price>
      </item>
      <item>
        <sku>067082</sku>
        <quantity>60</quantity>
        <unit>SZ</unit>
        <price>9.278</price>
      </item>
      <item>
        <sku>412273</sku>
        <quantity>2</quantity>
        <unit>SZ</unit>
        <price>57.502</price>
      </item>
      <item>
        <sku>755206</sku>
        <quantity>4</quantity>
        <unit>SZ</unit>
        <price>0.419</price>
      </item>
      <item>
        <sku>067031</sku>
        <quantity>544</quantity>
        <unit>SZ</unit>
        <price>0.766</price>
      </item>
      <item>
        <sku>068151</sku>
        <quantity>95</quantity>
        <unit>SZ</unit>
        <price>1.587</price>
      </item>
      <item>
        <sku>052718</sku>
        <quantity>6</quantity>
        <unit>SZ</unit>
        <price>8.692</price>
      </item>
      <item>
        <sku>066743</sku>
        <quantity>100</quantity>
        <unit>SZ</unit>
        <price>3.125</price>
      </item>
      <item>
        <sku>067031</sku>
        <quantity>656</quantity>
        <unit>SZ</unit>
        <price>0.766</price>
      </item>
      <item>
        <sku>067985</sku>
        <quantity>8</quantity>
        <unit>SZ</unit>
        <price>1.108</price>
      </item>
      <item>
        <sku>068002</sku>
        <quantity>576</quantity>
        <unit>SZ</unit>
        <price>1.18</price>
      </item>
      <item>
        <sku>068237</sku>
        <quantity>823</quantity>
        <unit>SZ</unit>
        <price>0.179</price>
      </item>
      <item>
        <sku>068303</sku>
        <quantity>110</quantity>
        <unit>SZ</unit>
        <price>2.665</price>
      </item>
      <item>
        <sku>068971</sku>
        <quantity>80</quantity>
        <unit>SZ</unit>
        <price>1.281</price>
      </item>
      <item>
        <sku>752101</sku>
        <quantity>225</quantity>
        <unit>SZ</unit>
        <price>1.125</price>
      </item>
      <item>
        <sku>752106</sku>
        <quantity>225</quantity>
        <unit>SZ</unit>
        <price>1.24</price>
      </item>
      <item>
        <sku>754001</sku>
        <quantity>885</quantity>
        <unit>SZ</unit>
        <price>0.311</price>
      </item>
      <item>
        <sku>774238</sku>
        <quantity>20</quantity>
        <unit>SZ</unit>
        <price>2.818</price>
      </item>
      <item>
        <sku>774301</sku>
        <quantity>62</quantity>
        <unit>SZ</unit>
        <price>1.165</price>
      </item>
      <item>
        <sku>774308</sku>
        <quantity>12</quantity>
        <unit>SZ</unit>
        <price>2.2</price>
      </item>
      <item>
        <sku>774351</sku>
        <quantity>42</quantity>
        <unit>SZ</unit>
        <price>0.251</price>
      </item>
      <item>
        <sku>774352</sku>
        <quantity>100</quantity>
        <unit>SZ</unit>
        <price>0.532</price>
      </item>
      <item>
        <sku>774401</sku>
        <quantity>296</quantity>
        <unit>SZ</unit>
        <price>1.164</price>
      </item>
      <item>
        <sku>774406</sku>
        <quantity>2</quantity>
        <unit>SZ</unit>
        <price>1.295</price>
      </item>
      <item>
        <sku>774411</sku>
        <quantity>42</quantity>
        <unit>SZ</unit>
        <price>1.169</price>
      </item>
      <item>
        <sku>774451</sku>
        <quantity>281</quantity>
        <unit>SZ</unit>
        <price>0.25</price>
      </item>
      <item>
        <sku>774452</sku>
        <quantity>282</quantity>
        <unit>SZ</unit>
        <price>0.529</price>
      </item>
      <item>
        <sku>069576</sku>
        <quantity>5</quantity>
        <unit>SZ</unit>
        <price>6.144</price>
      </item>
      <item>
        <sku>721106</sku>
        <quantity>100</quantity>
        <unit>SZ</unit>
        <price>2.051</price>
      </item>
    </items>
  </invoice>
</commerceinfo>