﻿<?xml version="1.0" encoding="utf-8"?>
<commerceinfo version="2.04" ctime="2024-04-28">
  <invoice>
    <docType>incomingInvoice</docType>
    <no>873011 TEST2</no>
    <UiPath>1</UiPath>
    <date>22-01-2024</date>
    <time>23-09-44</time>
    <discount>null</discount>
    <customer>
      <id>8870000206</id>
      <name>LEGRAND POLSKA Spolka z o.o.</name>
    </customer>
    <items>
      <item>
        <sku>754004</sku>
        <quantity>20</quantity>
        <unit>SZ</unit>
        <price>1.41</price>
      </item>
      <item>
        <sku>037782</sku>
        <quantity>5400</quantity>
        <unit>SZ</unit>
        <price>0.008</price>
      </item>
      <item>
        <sku>754252</sku>
        <quantity>30</quantity>
        <unit>SZ</unit>
        <price>2.224</price>
      </item>
      <item>
        <sku>754004</sku>
        <quantity>20</quantity>
        <unit>SZ</unit>
        <price>1.409</price>
      </item>
      <item>
        <sku>754004</sku>
        <quantity>200</quantity>
        <unit>SZ</unit>
        <price>1.41</price>
      </item>
      <item>
        <sku>754252</sku>
        <quantity>30</quantity>
        <unit>SZ</unit>
        <price>2.224</price>
      </item>
      <item>
        <sku>694520</sku>
        <quantity>10</quantity>
        <unit>SZ</unit>
        <price>2.16</price>
      </item>
      <item>
        <sku>419199</sku>
        <quantity>60</quantity>
        <unit>SZ</unit>
        <price>1.325</price>
      </item>
      <item>
        <sku>412273</sku>
        <quantity>1</quantity>
        <unit>SZ</unit>
        <price>57.502</price>
      </item>
      <item>
        <sku>754312</sku>
        <quantity>1</quantity>
        <unit>SZ</unit>
        <price>0.915</price>
      </item>
      <item>
        <sku>069012</sku>
        <quantity>1</quantity>
        <unit>SZ</unit>
        <price>16.327</price>
      </item>
      <item>
        <sku>412523</sku>
        <quantity>100</quantity>
        <unit>SZ</unit>
        <price>5.026</price>
      </item>
      <item>
        <sku>076561</sku>
        <quantity>470</quantity>
        <unit>SZ</unit>
        <price>1.296</price>
      </item>
      <item>
        <sku>412523</sku>
        <quantity>10</quantity>
        <unit>SZ</unit>
        <price>5.026</price>
      </item>
      <item>
        <sku>052718</sku>
        <quantity>2</quantity>
        <unit>SZ</unit>
        <price>8.692</price>
      </item>
      <item>
        <sku>066741</sku>
        <quantity>10</quantity>
        <unit>SZ</unit>
        <price>1.223</price>
      </item>
      <item>
        <sku>067388</sku>
        <quantity>84</quantity>
        <unit>SZ</unit>
        <price>3.591</price>
      </item>
      <item>
        <sku>067685</sku>
        <quantity>96</quantity>
        <unit>SZ</unit>
        <price>0.989</price>
      </item>
      <item>
        <sku>067686</sku>
        <quantity>41</quantity>
        <unit>SZ</unit>
        <price>0.976</price>
      </item>
      <item>
        <sku>089271</sku>
        <quantity>10</quantity>
        <unit>SZ</unit>
        <price>1.668</price>
      </item>
      <item>
        <sku>089374</sku>
        <quantity>10</quantity>
        <unit>SZ</unit>
        <price>5.75</price>
      </item>
      <item>
        <sku>401232</sku>
        <quantity>2</quantity>
        <unit>SZ</unit>
        <price>8.089</price>
      </item>
      <item>
        <sku>401234</sku>
        <quantity>10</quantity>
        <unit>SZ</unit>
        <price>7.454</price>
      </item>
      <item>
        <sku>401334</sku>
        <quantity>67</quantity>
        <unit>SZ</unit>
        <price>9.026</price>
      </item>
      <item>
        <sku>412523</sku>
        <quantity>10</quantity>
        <unit>SZ</unit>
        <price>5.026</price>
      </item>
      <item>
        <sku>066743</sku>
        <quantity>96</quantity>
        <unit>SZ</unit>
        <price>3.125</price>
      </item>
      <item>
        <sku>067007</sku>
        <quantity>3</quantity>
        <unit>SZ</unit>
        <price>9.532</price>
      </item>
      <item>
        <sku>067031</sku>
        <quantity>1024</quantity>
        <unit>SZ</unit>
        <price>0.776</price>
      </item>
      <item>
        <sku>067396</sku>
        <quantity>100</quantity>
        <unit>SZ</unit>
        <price>2.215</price>
      </item>
      <item>
        <sku>068303</sku>
        <quantity>28</quantity>
        <unit>SZ</unit>
        <price>2.665</price>
      </item>
      <item>
        <sku>068443</sku>
        <quantity>123</quantity>
        <unit>SZ</unit>
        <price>1.26</price>
      </item>
      <item>
        <sku>068902</sku>
        <quantity>200</quantity>
        <unit>SZ</unit>
        <price>1.758</price>
      </item>
      <item>
        <sku>068982</sku>
        <quantity>5</quantity>
        <unit>SZ</unit>
        <price>3.959</price>
      </item>
      <item>
        <sku>068991</sku>
        <quantity>100</quantity>
        <unit>SZ</unit>
        <price>1.413</price>
      </item>
      <item>
        <sku>076565</sku>
        <quantity>12</quantity>
        <unit>SZ</unit>
        <price>1.626</price>
      </item>
      <item>
        <sku>401232</sku>
        <quantity>3</quantity>
        <unit>SZ</unit>
        <price>8.089</price>
      </item>
      <item>
        <sku>401234</sku>
        <quantity>3</quantity>
        <unit>SZ</unit>
        <price>7.454</price>
      </item>
      <item>
        <sku>412523</sku>
        <quantity>80</quantity>
        <unit>SZ</unit>
        <price>5.026</price>
      </item>
      <item>
        <sku>412631</sku>
        <quantity>11</quantity>
        <unit>SZ</unit>
        <price>31.558</price>
      </item>
      <item>
        <sku>066741</sku>
        <quantity>1</quantity>
        <unit>SZ</unit>
        <price>1.223</price>
      </item>
      <item>
        <sku>089701</sku>
        <quantity>15</quantity>
        <unit>SZ</unit>
        <price>13.302</price>
      </item>
      <item>
        <sku>089710</sku>
        <quantity>1</quantity>
        <unit>SZ</unit>
        <price>16.814</price>
      </item>
      <item>
        <sku>089702</sku>
        <quantity>7</quantity>
        <unit>SZ</unit>
        <price>25.951</price>
      </item>
      <item>
        <sku>036542</sku>
        <quantity>8</quantity>
        <unit>SZ</unit>
        <price>0.901</price>
      </item>
      <item>
        <sku>023882</sku>
        <quantity>20</quantity>
        <unit>SZ</unit>
        <price>1.242</price>
      </item>
      <item>
        <sku>601986</sku>
        <quantity>6</quantity>
        <unit>SZ</unit>
        <price>29.704</price>
      </item>
      <item>
        <sku>135142</sku>
        <quantity>3</quantity>
        <unit>SZ</unit>
        <price>9.364</price>
      </item>
      <item>
        <sku>137216</sku>
        <quantity>2</quantity>
        <unit>SZ</unit>
        <price>8.102</price>
      </item>
      <item>
        <sku>134208</sku>
        <quantity>10</quantity>
        <unit>SZ</unit>
        <price>6.935</price>
      </item>
      <item>
        <sku>419238</sku>
        <quantity>56</quantity>
        <unit>SZ</unit>
        <price>5.931</price>
      </item>
      <item>
        <sku>721153</sku>
        <quantity>10</quantity>
        <unit>SZ</unit>
        <price>6.88</price>
      </item>
      <item>
        <sku>037160</sku>
        <quantity>60</quantity>
        <unit>SZ</unit>
        <price>0.224</price>
      </item>
      <item>
        <sku>037100</sku>
        <quantity>60</quantity>
        <unit>SZ</unit>
        <price>0.233</price>
      </item>
      <item>
        <sku>010956</sku>
        <quantity>110</quantity>
        <unit>SZ</unit>
        <price>1.3</price>
      </item>
      <item>
        <sku>039598</sku>
        <quantity>180</quantity>
        <unit>SZ</unit>
        <price>0.606</price>
      </item>
      <item>
        <sku>066633</sku>
        <quantity>285</quantity>
        <unit>SZ</unit>
        <price>1.407</price>
      </item>
      <item>
        <sku>066703</sku>
        <quantity>20</quantity>
        <unit>SZ</unit>
        <price>2.961</price>
      </item>
      <item>
        <sku>067346</sku>
        <quantity>20</quantity>
        <unit>SZ</unit>
        <price>2.428</price>
      </item>
      <item>
        <sku>067462</sku>
        <quantity>50</quantity>
        <unit>SZ</unit>
        <price>6.422</price>
      </item>
      <item>
        <sku>067688</sku>
        <quantity>7</quantity>
        <unit>SZ</unit>
        <price>0.989</price>
      </item>
      <item>
        <sku>067941</sku>
        <quantity>10</quantity>
        <unit>SZ</unit>
        <price>1.166</price>
      </item>
      <item>
        <sku>067955</sku>
        <quantity>10</quantity>
        <unit>SZ</unit>
        <price>2.608</price>
      </item>
      <item>
        <sku>067985</sku>
        <quantity>30</quantity>
        <unit>SZ</unit>
        <price>1.108</price>
      </item>
      <item>
        <sku>068143</sku>
        <quantity>10</quantity>
        <unit>SZ</unit>
        <price>0.913</price>
      </item>
      <item>
        <sku>068237</sku>
        <quantity>350</quantity>
        <unit>SZ</unit>
        <price>0.179</price>
      </item>
      <item>
        <sku>068903</sku>
        <quantity>50</quantity>
        <unit>SZ</unit>
        <price>3.192</price>
      </item>
      <item>
        <sku>069301</sku>
        <quantity>17</quantity>
        <unit>SZ</unit>
        <price>11.638</price>
      </item>
      <item>
        <sku>069302</sku>
        <quantity>10</quantity>
        <unit>SZ</unit>
        <price>21.64</price>
      </item>
      <item>
        <sku>069303</sku>
        <quantity>6</quantity>
        <unit>SZ</unit>
        <price>27.946</price>
      </item>
      <item>
        <sku>076551</sku>
        <quantity>30</quantity>
        <unit>SZ</unit>
        <price>1.297</price>
      </item>
      <item>
        <sku>076565</sku>
        <quantity>100</quantity>
        <unit>SZ</unit>
        <price>1.626</price>
      </item>
      <item>
        <sku>078838L</sku>
        <quantity>1</quantity>
        <unit>SZ</unit>
        <price>4.74</price>
      </item>
      <item>
        <sku>080180</sku>
        <quantity>200</quantity>
        <unit>SZ</unit>
        <price>0.403</price>
      </item>
      <item>
        <sku>080251</sku>
        <quantity>80</quantity>
        <unit>SZ</unit>
        <price>0.384</price>
      </item>
      <item>
        <sku>080253</sku>
        <quantity>20</quantity>
        <unit>SZ</unit>
        <price>1.737</price>
      </item>
      <item>
        <sku>080261</sku>
        <quantity>60</quantity>
        <unit>SZ</unit>
        <price>0.831</price>
      </item>
      <item>
        <sku>092022</sku>
        <quantity>120</quantity>
        <unit>SZ</unit>
        <price>1.063</price>
      </item>
      <item>
        <sku>278594L</sku>
        <quantity>2</quantity>
        <unit>SZ</unit>
        <price>11.41</price>
      </item>
      <item>
        <sku>411505</sku>
        <quantity>24</quantity>
        <unit>SZ</unit>
        <price>11.853</price>
      </item>
      <item>
        <sku>411506</sku>
        <quantity>24</quantity>
        <unit>SZ</unit>
        <price>13.631</price>
      </item>
      <item>
        <sku>411556</sku>
        <quantity>30</quantity>
        <unit>SZ</unit>
        <price>16.357</price>
      </item>
      <item>
        <sku>001304</sku>
        <quantity>120</quantity>
        <unit>SZ</unit>
        <price>1.234</price>
      </item>
    </items>
  </invoice>
</commerceinfo>