﻿<?xml version="1.0" encoding="utf-8"?>
<commerceinfo version="2.04" ctime="2024-04-28">
  <invoice>
    <docType>incomingInvoice</docType>
    <no>877470 TEST2</no>
    <UiPath>1</UiPath>
    <date>16-02-2024</date>
    <time>23-09-46</time>
    <discount>null</discount>
    <customer>
      <id>8870000206</id>
      <name>LEGRAND POLSKA Spolka z o.o.</name>
    </customer>
    <items>
      <item>
        <sku>754002</sku>
        <quantity>20</quantity>
        <unit>SZ</unit>
        <price>0.73</price>
      </item>
      <item>
        <sku>754002</sku>
        <quantity>20</quantity>
        <unit>SZ</unit>
        <price>0.732</price>
      </item>
      <item>
        <sku>754002</sku>
        <quantity>50</quantity>
        <unit>SZ</unit>
        <price>0.732</price>
      </item>
      <item>
        <sku>752106</sku>
        <quantity>102</quantity>
        <unit>SZ</unit>
        <price>1.24</price>
      </item>
      <item>
        <sku>754251</sku>
        <quantity>30</quantity>
        <unit>SZ</unit>
        <price>1.004</price>
      </item>
      <item>
        <sku>412602</sku>
        <quantity>26</quantity>
        <unit>SZ</unit>
        <price>11.025</price>
      </item>
      <item>
        <sku>089752</sku>
        <quantity>1</quantity>
        <unit>SZ</unit>
        <price>33.163</price>
      </item>
      <item>
        <sku>754251</sku>
        <quantity>4</quantity>
        <unit>SZ</unit>
        <price>1.004</price>
      </item>
      <item>
        <sku>004850</sku>
        <quantity>74</quantity>
        <unit>SZ</unit>
        <price>0.447</price>
      </item>
      <item>
        <sku>089374</sku>
        <quantity>30</quantity>
        <unit>SZ</unit>
        <price>5.75</price>
      </item>
      <item>
        <sku>092001</sku>
        <quantity>100</quantity>
        <unit>SZ</unit>
        <price>0.493</price>
      </item>
      <item>
        <sku>038024</sku>
        <quantity>40</quantity>
        <unit>SZ</unit>
        <price>30.148</price>
      </item>
      <item>
        <sku>078702</sku>
        <quantity>2</quantity>
        <unit>SZ</unit>
        <price>2.98</price>
      </item>
      <item>
        <sku>078758</sku>
        <quantity>4</quantity>
        <unit>SZ</unit>
        <price>4.981</price>
      </item>
      <item>
        <sku>653121</sku>
        <quantity>1</quantity>
        <unit>SZ</unit>
        <price>95</price>
      </item>
      <item>
        <sku>089750</sku>
        <quantity>4</quantity>
        <unit>SZ</unit>
        <price>17.225</price>
      </item>
      <item>
        <sku>666473</sku>
        <quantity>30</quantity>
        <unit>SZ</unit>
        <price>0.279</price>
      </item>
      <item>
        <sku>386672</sku>
        <quantity>50</quantity>
        <unit>SZ</unit>
        <price>0.031</price>
      </item>
      <item>
        <sku>666482</sku>
        <quantity>25</quantity>
        <unit>SZ</unit>
        <price>0.565</price>
      </item>
      <item>
        <sku>666485</sku>
        <quantity>15</quantity>
        <unit>SZ</unit>
        <price>0.892</price>
      </item>
      <item>
        <sku>666488</sku>
        <quantity>4</quantity>
        <unit>SZ</unit>
        <price>1.089</price>
      </item>
      <item>
        <sku>069576</sku>
        <quantity>10</quantity>
        <unit>SZ</unit>
        <price>4.112</price>
      </item>
      <item>
        <sku>654002</sku>
        <quantity>1</quantity>
        <unit>SZ</unit>
        <price>12.731</price>
      </item>
      <item>
        <sku>135142</sku>
        <quantity>10</quantity>
        <unit>SZ</unit>
        <price>9.364</price>
      </item>
      <item>
        <sku>137208</sku>
        <quantity>3</quantity>
        <unit>SZ</unit>
        <price>23.667</price>
      </item>
      <item>
        <sku>402071</sku>
        <quantity>1</quantity>
        <unit>SZ</unit>
        <price>17.752</price>
      </item>
      <item>
        <sku>419133</sku>
        <quantity>72</quantity>
        <unit>SZ</unit>
        <price>1.66</price>
      </item>
      <item>
        <sku>066632</sku>
        <quantity>504</quantity>
        <unit>SZ</unit>
        <price>0.655</price>
      </item>
      <item>
        <sku>067031</sku>
        <quantity>536</quantity>
        <unit>SZ</unit>
        <price>0.766</price>
      </item>
      <item>
        <sku>068151</sku>
        <quantity>5</quantity>
        <unit>SZ</unit>
        <price>1.587</price>
      </item>
      <item>
        <sku>080141</sku>
        <quantity>100</quantity>
        <unit>SZ</unit>
        <price>0.351</price>
      </item>
      <item>
        <sku>089374</sku>
        <quantity>10</quantity>
        <unit>SZ</unit>
        <price>5.75</price>
      </item>
      <item>
        <sku>411506</sku>
        <quantity>13</quantity>
        <unit>SZ</unit>
        <price>13.631</price>
      </item>
      <item>
        <sku>412780</sku>
        <quantity>30</quantity>
        <unit>SZ</unit>
        <price>12.073</price>
      </item>
      <item>
        <sku>092012</sku>
        <quantity>360</quantity>
        <unit>SZ</unit>
        <price>0.624</price>
      </item>
      <item>
        <sku>400408</sku>
        <quantity>200</quantity>
        <unit>SZ</unit>
        <price>6.474</price>
      </item>
      <item>
        <sku>076561</sku>
        <quantity>1000</quantity>
        <unit>SZ</unit>
        <price>1.296</price>
      </item>
      <item>
        <sku>092042</sku>
        <quantity>20</quantity>
        <unit>SZ</unit>
        <price>1.837</price>
      </item>
      <item>
        <sku>092005</sku>
        <quantity>30</quantity>
        <unit>SZ</unit>
        <price>0.584</price>
      </item>
      <item>
        <sku>092012</sku>
        <quantity>120</quantity>
        <unit>SZ</unit>
        <price>0.624</price>
      </item>
      <item>
        <sku>001306</sku>
        <quantity>10</quantity>
        <unit>SZ</unit>
        <price>2.094</price>
      </item>
      <item>
        <sku>001921</sku>
        <quantity>16</quantity>
        <unit>SZ</unit>
        <price>17.865</price>
      </item>
      <item>
        <sku>010954</sku>
        <quantity>250</quantity>
        <unit>SZ</unit>
        <price>0.659</price>
      </item>
      <item>
        <sku>039598</sku>
        <quantity>70</quantity>
        <unit>SZ</unit>
        <price>0.606</price>
      </item>
      <item>
        <sku>067311</sku>
        <quantity>10</quantity>
        <unit>SZ</unit>
        <price>1.5</price>
      </item>
      <item>
        <sku>067985</sku>
        <quantity>2</quantity>
        <unit>SZ</unit>
        <price>1.108</price>
      </item>
      <item>
        <sku>068002</sku>
        <quantity>424</quantity>
        <unit>SZ</unit>
        <price>1.18</price>
      </item>
      <item>
        <sku>068003</sku>
        <quantity>170</quantity>
        <unit>SZ</unit>
        <price>2.062</price>
      </item>
      <item>
        <sku>068282</sku>
        <quantity>50</quantity>
        <unit>SZ</unit>
        <price>0.182</price>
      </item>
      <item>
        <sku>068443</sku>
        <quantity>40</quantity>
        <unit>SZ</unit>
        <price>1.26</price>
      </item>
      <item>
        <sku>068582</sku>
        <quantity>20</quantity>
        <unit>SZ</unit>
        <price>0.527</price>
      </item>
      <item>
        <sku>068902</sku>
        <quantity>40</quantity>
        <unit>SZ</unit>
        <price>1.758</price>
      </item>
      <item>
        <sku>068903</sku>
        <quantity>20</quantity>
        <unit>SZ</unit>
        <price>3.192</price>
      </item>
      <item>
        <sku>076565</sku>
        <quantity>290</quantity>
        <unit>SZ</unit>
        <price>1.626</price>
      </item>
      <item>
        <sku>076573</sku>
        <quantity>60</quantity>
        <unit>SZ</unit>
        <price>2.451</price>
      </item>
      <item>
        <sku>080180</sku>
        <quantity>20</quantity>
        <unit>SZ</unit>
        <price>0.403</price>
      </item>
      <item>
        <sku>092012</sku>
        <quantity>300</quantity>
        <unit>SZ</unit>
        <price>0.624</price>
      </item>
      <item>
        <sku>092022</sku>
        <quantity>135</quantity>
        <unit>SZ</unit>
        <price>1.063</price>
      </item>
      <item>
        <sku>092052</sku>
        <quantity>70</quantity>
        <unit>SZ</unit>
        <price>2.934</price>
      </item>
      <item>
        <sku>411505</sku>
        <quantity>10</quantity>
        <unit>SZ</unit>
        <price>11.853</price>
      </item>
      <item>
        <sku>412523</sku>
        <quantity>160</quantity>
        <unit>SZ</unit>
        <price>5.026</price>
      </item>
      <item>
        <sku>412527</sku>
        <quantity>7</quantity>
        <unit>SZ</unit>
        <price>11.445</price>
      </item>
      <item>
        <sku>601932</sku>
        <quantity>18</quantity>
        <unit>SZ</unit>
        <price>4.17</price>
      </item>
      <item>
        <sku>752111</sku>
        <quantity>45</quantity>
        <unit>SZ</unit>
        <price>1.296</price>
      </item>
      <item>
        <sku>752205</sku>
        <quantity>75</quantity>
        <unit>SZ</unit>
        <price>1.979</price>
      </item>
      <item>
        <sku>753120</sku>
        <quantity>825</quantity>
        <unit>SZ</unit>
        <price>1.266</price>
      </item>
      <item>
        <sku>753154</sku>
        <quantity>10</quantity>
        <unit>SZ</unit>
        <price>3.223</price>
      </item>
      <item>
        <sku>754001</sku>
        <quantity>315</quantity>
        <unit>SZ</unit>
        <price>0.311</price>
      </item>
      <item>
        <sku>754004</sku>
        <quantity>200</quantity>
        <unit>SZ</unit>
        <price>1.409</price>
      </item>
      <item>
        <sku>754005</sku>
        <quantity>30</quantity>
        <unit>SZ</unit>
        <price>1.591</price>
      </item>
      <item>
        <sku>754041</sku>
        <quantity>590</quantity>
        <unit>SZ</unit>
        <price>0.309</price>
      </item>
      <item>
        <sku>754042</sku>
        <quantity>200</quantity>
        <unit>SZ</unit>
        <price>0.727</price>
      </item>
      <item>
        <sku>754044</sku>
        <quantity>60</quantity>
        <unit>SZ</unit>
        <price>1.383</price>
      </item>
      <item>
        <sku>754045</sku>
        <quantity>10</quantity>
        <unit>SZ</unit>
        <price>1.554</price>
      </item>
      <item>
        <sku>770106</sku>
        <quantity>10</quantity>
        <unit>SZ</unit>
        <price>1.984</price>
      </item>
      <item>
        <sku>774201</sku>
        <quantity>6</quantity>
        <unit>SZ</unit>
        <price>2.18</price>
      </item>
      <item>
        <sku>774308</sku>
        <quantity>18</quantity>
        <unit>SZ</unit>
        <price>2.2</price>
      </item>
      <item>
        <sku>774351</sku>
        <quantity>358</quantity>
        <unit>SZ</unit>
        <price>0.251</price>
      </item>
      <item>
        <sku>774406</sku>
        <quantity>198</quantity>
        <unit>SZ</unit>
        <price>1.295</price>
      </item>
      <item>
        <sku>774408</sku>
        <quantity>50</quantity>
        <unit>SZ</unit>
        <price>2.198</price>
      </item>
      <item>
        <sku>774451</sku>
        <quantity>1219</quantity>
        <unit>SZ</unit>
        <price>0.25</price>
      </item>
    </items>
  </invoice>
</commerceinfo>