﻿<?xml version="1.0" encoding="utf-8"?>
<commerceinfo version="2.04" ctime="2024-04-28">
  <invoice>
    <docType>incomingInvoice</docType>
    <no>876545 TEST2</no>
    <UiPath>1</UiPath>
    <date>12-02-2024</date>
    <time>23-09-46</time>
    <discount>null</discount>
    <customer>
      <id>8870000206</id>
      <name>LEGRAND POLSKA Spolka z o.o.</name>
    </customer>
    <items>
      <item>
        <sku>753125</sku>
        <quantity>75</quantity>
        <unit>SZ</unit>
        <price>1.5</price>
      </item>
      <item>
        <sku>753125</sku>
        <quantity>300</quantity>
        <unit>SZ</unit>
        <price>1.5</price>
      </item>
      <item>
        <sku>863508</sku>
        <quantity>30</quantity>
        <unit>SZ</unit>
        <price>1.381</price>
      </item>
      <item>
        <sku>089751</sku>
        <quantity>5</quantity>
        <unit>SZ</unit>
        <price>17.038</price>
      </item>
      <item>
        <sku>754252</sku>
        <quantity>4</quantity>
        <unit>SZ</unit>
        <price>2.224</price>
      </item>
      <item>
        <sku>736410</sku>
        <quantity>10</quantity>
        <unit>SZ</unit>
        <price>1.7</price>
      </item>
      <item>
        <sku>001921</sku>
        <quantity>2</quantity>
        <unit>SZ</unit>
        <price>17.86</price>
      </item>
      <item>
        <sku>410512</sku>
        <quantity>6</quantity>
        <unit>SZ</unit>
        <price>23.213</price>
      </item>
      <item>
        <sku>400405</sku>
        <quantity>335</quantity>
        <unit>SZ</unit>
        <price>4.156</price>
      </item>
      <item>
        <sku>400405</sku>
        <quantity>360</quantity>
        <unit>SZ</unit>
        <price>4.156</price>
      </item>
      <item>
        <sku>412626</sku>
        <quantity>3</quantity>
        <unit>SZ</unit>
        <price>51.515</price>
      </item>
      <item>
        <sku>065083</sku>
        <quantity>20</quantity>
        <unit>SZ</unit>
        <price>2.016</price>
      </item>
      <item>
        <sku>NOC-S-PRO</sku>
        <quantity>2</quantity>
        <unit>SZ</unit>
        <price>150</price>
      </item>
      <item>
        <sku>412523</sku>
        <quantity>251</quantity>
        <unit>SZ</unit>
        <price>5.026</price>
      </item>
      <item>
        <sku>411504</sku>
        <quantity>18</quantity>
        <unit>SZ</unit>
        <price>11.853</price>
      </item>
      <item>
        <sku>066633</sku>
        <quantity>22</quantity>
        <unit>SZ</unit>
        <price>1.407</price>
      </item>
      <item>
        <sku>010952</sku>
        <quantity>300</quantity>
        <unit>SZ</unit>
        <price>0.606</price>
      </item>
      <item>
        <sku>412926</sku>
        <quantity>1</quantity>
        <unit>SZ</unit>
        <price>4.746</price>
      </item>
      <item>
        <sku>654002</sku>
        <quantity>1</quantity>
        <unit>SZ</unit>
        <price>12.731</price>
      </item>
      <item>
        <sku>135142</sku>
        <quantity>6</quantity>
        <unit>SZ</unit>
        <price>9.364</price>
      </item>
      <item>
        <sku>419172</sku>
        <quantity>8</quantity>
        <unit>SZ</unit>
        <price>5.176</price>
      </item>
      <item>
        <sku>001357</sku>
        <quantity>30</quantity>
        <unit>SZ</unit>
        <price>0.69</price>
      </item>
      <item>
        <sku>755206</sku>
        <quantity>46</quantity>
        <unit>SZ</unit>
        <price>0.419</price>
      </item>
      <item>
        <sku>001660</sku>
        <quantity>60</quantity>
        <unit>SZ</unit>
        <price>0.334</price>
      </item>
      <item>
        <sku>039142</sku>
        <quantity>10</quantity>
        <unit>SZ</unit>
        <price>6.637</price>
      </item>
      <item>
        <sku>039598</sku>
        <quantity>20</quantity>
        <unit>SZ</unit>
        <price>0.606</price>
      </item>
      <item>
        <sku>066632</sku>
        <quantity>796</quantity>
        <unit>SZ</unit>
        <price>0.655</price>
      </item>
      <item>
        <sku>067181</sku>
        <quantity>10</quantity>
        <unit>SZ</unit>
        <price>1.538</price>
      </item>
      <item>
        <sku>067345</sku>
        <quantity>200</quantity>
        <unit>SZ</unit>
        <price>1.429</price>
      </item>
      <item>
        <sku>067602</sku>
        <quantity>40</quantity>
        <unit>SZ</unit>
        <price>3.09</price>
      </item>
      <item>
        <sku>068112</sku>
        <quantity>1500</quantity>
        <unit>SZ</unit>
        <price>0.196</price>
      </item>
      <item>
        <sku>068141</sku>
        <quantity>150</quantity>
        <unit>SZ</unit>
        <price>0.805</price>
      </item>
      <item>
        <sku>068151</sku>
        <quantity>50</quantity>
        <unit>SZ</unit>
        <price>1.587</price>
      </item>
      <item>
        <sku>069672</sku>
        <quantity>200</quantity>
        <unit>SZ</unit>
        <price>3.106</price>
      </item>
      <item>
        <sku>076562</sku>
        <quantity>140</quantity>
        <unit>SZ</unit>
        <price>1.36</price>
      </item>
      <item>
        <sku>076565</sku>
        <quantity>550</quantity>
        <unit>SZ</unit>
        <price>1.626</price>
      </item>
      <item>
        <sku>092012</sku>
        <quantity>200</quantity>
        <unit>SZ</unit>
        <price>0.624</price>
      </item>
      <item>
        <sku>092022</sku>
        <quantity>200</quantity>
        <unit>SZ</unit>
        <price>1.063</price>
      </item>
      <item>
        <sku>092052</sku>
        <quantity>10</quantity>
        <unit>SZ</unit>
        <price>2.934</price>
      </item>
      <item>
        <sku>411014</sku>
        <quantity>15</quantity>
        <unit>SZ</unit>
        <price>12.938</price>
      </item>
      <item>
        <sku>411506</sku>
        <quantity>71</quantity>
        <unit>SZ</unit>
        <price>13.631</price>
      </item>
      <item>
        <sku>411556</sku>
        <quantity>30</quantity>
        <unit>SZ</unit>
        <price>16.357</price>
      </item>
      <item>
        <sku>412412</sku>
        <quantity>10</quantity>
        <unit>SZ</unit>
        <price>5.015</price>
      </item>
    </items>
  </invoice>
</commerceinfo>