﻿<?xml version="1.0" encoding="utf-8"?>
<commerceinfo version="2.04" ctime="2024-04-28">
  <invoice>
    <docType>incomingInvoice</docType>
    <no>874760 TEST2</no>
    <UiPath>1</UiPath>
    <date>31-01-2024</date>
    <time>23-09-45</time>
    <discount>null</discount>
    <customer>
      <id>8870000206</id>
      <name>LEGRAND POLSKA Spolka z o.o.</name>
    </customer>
    <items>
      <item>
        <sku>864122</sku>
        <quantity>10</quantity>
        <unit>SZ</unit>
        <price>0.978</price>
      </item>
      <item>
        <sku>419235</sku>
        <quantity>120</quantity>
        <unit>SZ</unit>
        <price>4.688</price>
      </item>
      <item>
        <sku>412273</sku>
        <quantity>3</quantity>
        <unit>SZ</unit>
        <price>57.502</price>
      </item>
      <item>
        <sku>065083</sku>
        <quantity>20</quantity>
        <unit>SZ</unit>
        <price>2.016</price>
      </item>
      <item>
        <sku>412553</sku>
        <quantity>2</quantity>
        <unit>SZ</unit>
        <price>15.825</price>
      </item>
      <item>
        <sku>400408</sku>
        <quantity>32</quantity>
        <unit>SZ</unit>
        <price>6.474</price>
      </item>
      <item>
        <sku>067388</sku>
        <quantity>24</quantity>
        <unit>SZ</unit>
        <price>3.591</price>
      </item>
      <item>
        <sku>068239</sku>
        <quantity>19</quantity>
        <unit>SZ</unit>
        <price>0.776</price>
      </item>
      <item>
        <sku>412523</sku>
        <quantity>30</quantity>
        <unit>SZ</unit>
        <price>5.026</price>
      </item>
      <item>
        <sku>412523</sku>
        <quantity>949</quantity>
        <unit>SZ</unit>
        <price>5.026</price>
      </item>
      <item>
        <sku>092052</sku>
        <quantity>24</quantity>
        <unit>SZ</unit>
        <price>2.934</price>
      </item>
      <item>
        <sku>278594L</sku>
        <quantity>2</quantity>
        <unit>SZ</unit>
        <price>11.41</price>
      </item>
      <item>
        <sku>067031</sku>
        <quantity>120</quantity>
        <unit>SZ</unit>
        <price>0.766</price>
      </item>
      <item>
        <sku>092052</sku>
        <quantity>70</quantity>
        <unit>SZ</unit>
        <price>2.934</price>
      </item>
      <item>
        <sku>411505</sku>
        <quantity>100</quantity>
        <unit>SZ</unit>
        <price>11.853</price>
      </item>
      <item>
        <sku>411506</sku>
        <quantity>24</quantity>
        <unit>SZ</unit>
        <price>13.631</price>
      </item>
      <item>
        <sku>411556</sku>
        <quantity>48</quantity>
        <unit>SZ</unit>
        <price>16.357</price>
      </item>
      <item>
        <sku>080126</sku>
        <quantity>10</quantity>
        <unit>SZ</unit>
        <price>3.413</price>
      </item>
      <item>
        <sku>068443</sku>
        <quantity>60</quantity>
        <unit>SZ</unit>
        <price>1.26</price>
      </item>
      <item>
        <sku>068582</sku>
        <quantity>30</quantity>
        <unit>SZ</unit>
        <price>0.527</price>
      </item>
      <item>
        <sku>039598</sku>
        <quantity>10</quantity>
        <unit>SZ</unit>
        <price>0.606</price>
      </item>
      <item>
        <sku>066633</sku>
        <quantity>478</quantity>
        <unit>SZ</unit>
        <price>1.407</price>
      </item>
      <item>
        <sku>068001</sku>
        <quantity>800</quantity>
        <unit>SZ</unit>
        <price>0.216</price>
      </item>
      <item>
        <sku>068901</sku>
        <quantity>300</quantity>
        <unit>SZ</unit>
        <price>1.161</price>
      </item>
      <item>
        <sku>092022</sku>
        <quantity>150</quantity>
        <unit>SZ</unit>
        <price>1.063</price>
      </item>
      <item>
        <sku>401234</sku>
        <quantity>5</quantity>
        <unit>SZ</unit>
        <price>7.454</price>
      </item>
      <item>
        <sku>031490</sku>
        <quantity>100</quantity>
        <unit>SZ</unit>
        <price>2.009</price>
      </item>
    </items>
  </invoice>
</commerceinfo>