﻿<?xml version="1.0" encoding="utf-8"?>
<commerceinfo version="2.04" ctime="2024-04-28">
  <invoice>
    <docType>incomingInvoice</docType>
    <no>883154 TEST2</no>
    <UiPath>1</UiPath>
    <date>26-03-2024</date>
    <time>23-09-48</time>
    <discount>null</discount>
    <customer>
      <id>8870000206</id>
      <name>LEGRAND POLSKA Spolka z o.o.</name>
    </customer>
    <items>
      <item>
        <sku>065283</sku>
        <quantity>10</quantity>
        <unit>SZ</unit>
        <price>2.997</price>
      </item>
      <item>
        <sku>065283</sku>
        <quantity>10</quantity>
        <unit>SZ</unit>
        <price>2.997</price>
      </item>
      <item>
        <sku>653122</sku>
        <quantity>20</quantity>
        <unit>SZ</unit>
        <price>96</price>
      </item>
      <item>
        <sku>774405</sku>
        <quantity>300</quantity>
        <unit>SZ</unit>
        <price>1.716</price>
      </item>
      <item>
        <sku>412273</sku>
        <quantity>3</quantity>
        <unit>SZ</unit>
        <price>57.502</price>
      </item>
      <item>
        <sku>782448</sku>
        <quantity>30</quantity>
        <unit>SZ</unit>
        <price>3.7</price>
      </item>
      <item>
        <sku>764529</sku>
        <quantity>280</quantity>
        <unit>SZ</unit>
        <price>1.139</price>
      </item>
      <item>
        <sku>137166</sku>
        <quantity>8</quantity>
        <unit>SZ</unit>
        <price>9.626</price>
      </item>
      <item>
        <sku>137146</sku>
        <quantity>9</quantity>
        <unit>SZ</unit>
        <price>6.889</price>
      </item>
      <item>
        <sku>137156</sku>
        <quantity>11</quantity>
        <unit>SZ</unit>
        <price>6.889</price>
      </item>
      <item>
        <sku>137206</sku>
        <quantity>1</quantity>
        <unit>SZ</unit>
        <price>6.889</price>
      </item>
      <item>
        <sku>137145</sku>
        <quantity>5</quantity>
        <unit>SZ</unit>
        <price>8.234</price>
      </item>
      <item>
        <sku>137155</sku>
        <quantity>3</quantity>
        <unit>SZ</unit>
        <price>8.234</price>
      </item>
      <item>
        <sku>137205</sku>
        <quantity>5</quantity>
        <unit>SZ</unit>
        <price>8.234</price>
      </item>
      <item>
        <sku>137215</sku>
        <quantity>3</quantity>
        <unit>SZ</unit>
        <price>8.234</price>
      </item>
      <item>
        <sku>134176</sku>
        <quantity>4</quantity>
        <unit>SZ</unit>
        <price>6.698</price>
      </item>
      <item>
        <sku>135152</sku>
        <quantity>20</quantity>
        <unit>SZ</unit>
        <price>9.364</price>
      </item>
      <item>
        <sku>137218</sku>
        <quantity>1</quantity>
        <unit>SZ</unit>
        <price>23.667</price>
      </item>
      <item>
        <sku>137208</sku>
        <quantity>4</quantity>
        <unit>SZ</unit>
        <price>23.667</price>
      </item>
      <item>
        <sku>137148</sku>
        <quantity>3</quantity>
        <unit>SZ</unit>
        <price>23.667</price>
      </item>
      <item>
        <sku>135214</sku>
        <quantity>6</quantity>
        <unit>SZ</unit>
        <price>22.001</price>
      </item>
      <item>
        <sku>135144</sku>
        <quantity>1</quantity>
        <unit>SZ</unit>
        <price>22.001</price>
      </item>
      <item>
        <sku>137219</sku>
        <quantity>6</quantity>
        <unit>SZ</unit>
        <price>30.223</price>
      </item>
      <item>
        <sku>137149</sku>
        <quantity>4</quantity>
        <unit>SZ</unit>
        <price>30.223</price>
      </item>
      <item>
        <sku>137216</sku>
        <quantity>3</quantity>
        <unit>SZ</unit>
        <price>8.102</price>
      </item>
      <item>
        <sku>402074</sku>
        <quantity>17</quantity>
        <unit>SZ</unit>
        <price>18.688</price>
      </item>
      <item>
        <sku>408663</sku>
        <quantity>10</quantity>
        <unit>SZ</unit>
        <price>72.813</price>
      </item>
      <item>
        <sku>419172</sku>
        <quantity>24</quantity>
        <unit>SZ</unit>
        <price>5.931</price>
      </item>
      <item>
        <sku>412273</sku>
        <quantity>27</quantity>
        <unit>SZ</unit>
        <price>57.502</price>
      </item>
      <item>
        <sku>037172</sku>
        <quantity>120</quantity>
        <unit>SZ</unit>
        <price>1.02</price>
      </item>
      <item>
        <sku>037167</sku>
        <quantity>60</quantity>
        <unit>SZ</unit>
        <price>0.608</price>
      </item>
      <item>
        <sku>026664</sku>
        <quantity>1</quantity>
        <unit>SZ</unit>
        <price>151.488</price>
      </item>
      <item>
        <sku>764606</sku>
        <quantity>20</quantity>
        <unit>SZ</unit>
        <price>1.251</price>
      </item>
      <item>
        <sku>023921</sku>
        <quantity>1</quantity>
        <unit>SZ</unit>
        <price>2.919</price>
      </item>
      <item>
        <sku>023903</sku>
        <quantity>20</quantity>
        <unit>SZ</unit>
        <price>2.439</price>
      </item>
      <item>
        <sku>023882</sku>
        <quantity>20</quantity>
        <unit>SZ</unit>
        <price>1.242</price>
      </item>
      <item>
        <sku>137217</sku>
        <quantity>8</quantity>
        <unit>SZ</unit>
        <price>13.876</price>
      </item>
      <item>
        <sku>137157</sku>
        <quantity>10</quantity>
        <unit>SZ</unit>
        <price>13.876</price>
      </item>
      <item>
        <sku>135143</sku>
        <quantity>10</quantity>
        <unit>SZ</unit>
        <price>13.876</price>
      </item>
      <item>
        <sku>135153</sku>
        <quantity>6</quantity>
        <unit>SZ</unit>
        <price>13.876</price>
      </item>
      <item>
        <sku>135213</sku>
        <quantity>11</quantity>
        <unit>SZ</unit>
        <price>13.876</price>
      </item>
      <item>
        <sku>069556</sku>
        <quantity>13</quantity>
        <unit>SZ</unit>
        <price>3.151</price>
      </item>
      <item>
        <sku>406411</sku>
        <quantity>30</quantity>
        <unit>SZ</unit>
        <price>2.527</price>
      </item>
      <item>
        <sku>419239</sku>
        <quantity>8</quantity>
        <unit>SZ</unit>
        <price>5.321</price>
      </item>
      <item>
        <sku>774400</sku>
        <quantity>5</quantity>
        <unit>SZ</unit>
        <price>2.915</price>
      </item>
      <item>
        <sku>753055</sku>
        <quantity>2</quantity>
        <unit>SZ</unit>
        <price>2.761</price>
      </item>
      <item>
        <sku>067684</sku>
        <quantity>5</quantity>
        <unit>SZ</unit>
        <price>0.975</price>
      </item>
      <item>
        <sku>774353</sku>
        <quantity>4</quantity>
        <unit>SZ</unit>
        <price>0.818</price>
      </item>
      <item>
        <sku>037552</sku>
        <quantity>20</quantity>
        <unit>SZ</unit>
        <price>0.144</price>
      </item>
      <item>
        <sku>037171</sku>
        <quantity>100</quantity>
        <unit>SZ</unit>
        <price>0.67</price>
      </item>
      <item>
        <sku>076551</sku>
        <quantity>129</quantity>
        <unit>SZ</unit>
        <price>1.297</price>
      </item>
      <item>
        <sku>651216</sku>
        <quantity>100</quantity>
        <unit>MB</unit>
        <price>0.22</price>
      </item>
      <item>
        <sku>069810L</sku>
        <quantity>5</quantity>
        <unit>SZ</unit>
        <price>3.55</price>
      </item>
      <item>
        <sku>069871L</sku>
        <quantity>20</quantity>
        <unit>SZ</unit>
        <price>3.36</price>
      </item>
    </items>
  </invoice>
</commerceinfo>