﻿<?xml version="1.0" encoding="utf-8"?>
<commerceinfo version="2.04" ctime="2024-04-28">
  <invoice>
    <docType>incomingInvoice</docType>
    <no>878427 TEST2</no>
    <UiPath>1</UiPath>
    <date>23-02-2024</date>
    <time>23-09-47</time>
    <discount>null</discount>
    <customer>
      <id>8870000206</id>
      <name>LEGRAND POLSKA Spolka z o.o.</name>
    </customer>
    <items>
      <item>
        <sku>001921</sku>
        <quantity>30</quantity>
        <unit>SZ</unit>
        <price>17.865</price>
      </item>
      <item>
        <sku>010954</sku>
        <quantity>200</quantity>
        <unit>SZ</unit>
        <price>0.659</price>
      </item>
      <item>
        <sku>066631</sku>
        <quantity>1200</quantity>
        <unit>SZ</unit>
        <price>0.28</price>
      </item>
      <item>
        <sku>068001</sku>
        <quantity>1000</quantity>
        <unit>SZ</unit>
        <price>0.216</price>
      </item>
      <item>
        <sku>068239</sku>
        <quantity>30</quantity>
        <unit>SZ</unit>
        <price>0.776</price>
      </item>
      <item>
        <sku>068921</sku>
        <quantity>30</quantity>
        <unit>SZ</unit>
        <price>1.192</price>
      </item>
      <item>
        <sku>069562</sku>
        <quantity>270</quantity>
        <unit>SZ</unit>
        <price>3.972</price>
      </item>
      <item>
        <sku>069731</sku>
        <quantity>10</quantity>
        <unit>SZ</unit>
        <price>3.094</price>
      </item>
      <item>
        <sku>076565</sku>
        <quantity>170</quantity>
        <unit>SZ</unit>
        <price>1.626</price>
      </item>
      <item>
        <sku>080021</sku>
        <quantity>200</quantity>
        <unit>SZ</unit>
        <price>0.4</price>
      </item>
      <item>
        <sku>080180</sku>
        <quantity>80</quantity>
        <unit>SZ</unit>
        <price>0.403</price>
      </item>
      <item>
        <sku>080182</sku>
        <quantity>6</quantity>
        <unit>SZ</unit>
        <price>0.818</price>
      </item>
      <item>
        <sku>092012</sku>
        <quantity>10</quantity>
        <unit>SZ</unit>
        <price>0.624</price>
      </item>
      <item>
        <sku>092022</sku>
        <quantity>60</quantity>
        <unit>SZ</unit>
        <price>1.063</price>
      </item>
      <item>
        <sku>411506</sku>
        <quantity>53</quantity>
        <unit>SZ</unit>
        <price>13.631</price>
      </item>
      <item>
        <sku>411556</sku>
        <quantity>24</quantity>
        <unit>SZ</unit>
        <price>16.357</price>
      </item>
      <item>
        <sku>412602</sku>
        <quantity>4</quantity>
        <unit>SZ</unit>
        <price>11.025</price>
      </item>
    </items>
  </invoice>
</commerceinfo>